team1,team2,venue,toss_winner,toss_decision,winner
Sunrisers Hyderabad,Royal Challengers Bangalore,"Rajiv Gandhi International Stadium, Uppal",Royal Challengers Bangalore,field,Sunrisers Hyderabad
Mumbai Indians,Rising Pune Supergiant,Maharashtra Cricket Association Stadium,Rising Pune Supergiant,field,Rising Pune Supergiant
Gujarat Lions,Kolkata Knight Riders,Saurashtra Cricket Association Stadium,Kolkata Knight Riders,field,Kolkata Knight Riders
Rising Pune Supergiant,Kings XI Punjab,Holkar Cricket Stadium,Kings XI Punjab,field,Kings XI Punjab
Royal Challengers Bangalore,Delhi Daredevils,M Chinnaswamy Stadium,Royal Challengers Bangalore,bat,Royal Challengers Bangalore
Gujarat Lions,Sunrisers Hyderabad,"Rajiv Gandhi International Stadium, Uppal",Sunrisers Hyderabad,field,Sunrisers Hyderabad
Kolkata Knight Riders,Mumbai Indians,Wankhede Stadium,Mumbai Indians,field,Mumbai Indians
Royal Challengers Bangalore,Kings XI Punjab,Holkar Cricket Stadium,Royal Challengers Bangalore,bat,Kings XI Punjab
Delhi Daredevils,Rising Pune Supergiant,Maharashtra Cricket Association Stadium,Rising Pune Supergiant,field,Delhi Daredevils
Sunrisers Hyderabad,Mumbai Indians,Wankhede Stadium,Mumbai Indians,field,Mumbai Indians
Kings XI Punjab,Kolkata Knight Riders,Eden Gardens,Kolkata Knight Riders,field,Kolkata Knight Riders
Royal Challengers Bangalore,Mumbai Indians,M Chinnaswamy Stadium,Mumbai Indians,field,Mumbai Indians
Rising Pune Supergiant,Gujarat Lions,Saurashtra Cricket Association Stadium,Gujarat Lions,field,Gujarat Lions
Kolkata Knight Riders,Sunrisers Hyderabad,Eden Gardens,Sunrisers Hyderabad,field,Kolkata Knight Riders
Delhi Daredevils,Kings XI Punjab,Feroz Shah Kotla,Delhi Daredevils,bat,Delhi Daredevils
Gujarat Lions,Mumbai Indians,Wankhede Stadium,Mumbai Indians,field,Mumbai Indians
Rising Pune Supergiant,Royal Challengers Bangalore,M Chinnaswamy Stadium,Royal Challengers Bangalore,field,Rising Pune Supergiant
Delhi Daredevils,Kolkata Knight Riders,Feroz Shah Kotla,Delhi Daredevils,bat,Kolkata Knight Riders
Sunrisers Hyderabad,Kings XI Punjab,"Rajiv Gandhi International Stadium, Uppal",Kings XI Punjab,field,Sunrisers Hyderabad
Royal Challengers Bangalore,Gujarat Lions,Saurashtra Cricket Association Stadium,Gujarat Lions,field,Royal Challengers Bangalore
Sunrisers Hyderabad,Delhi Daredevils,"Rajiv Gandhi International Stadium, Uppal",Sunrisers Hyderabad,bat,Sunrisers Hyderabad
Kings XI Punjab,Mumbai Indians,Holkar Cricket Stadium,Mumbai Indians,field,Mumbai Indians
Kolkata Knight Riders,Gujarat Lions,Eden Gardens,Gujarat Lions,field,Gujarat Lions
Mumbai Indians,Delhi Daredevils,Wankhede Stadium,Delhi Daredevils,field,Mumbai Indians
Sunrisers Hyderabad,Rising Pune Supergiant,Maharashtra Cricket Association Stadium,Rising Pune Supergiant,field,Rising Pune Supergiant
Kings XI Punjab,Gujarat Lions,Saurashtra Cricket Association Stadium,Gujarat Lions,field,Kings XI Punjab
Kolkata Knight Riders,Royal Challengers Bangalore,Eden Gardens,Royal Challengers Bangalore,field,Kolkata Knight Riders
Rising Pune Supergiant,Mumbai Indians,Wankhede Stadium,Mumbai Indians,field,Rising Pune Supergiant
Rising Pune Supergiant,Kolkata Knight Riders,Maharashtra Cricket Association Stadium,Kolkata Knight Riders,field,Kolkata Knight Riders
Royal Challengers Bangalore,Gujarat Lions,M Chinnaswamy Stadium,Gujarat Lions,field,Gujarat Lions
Delhi Daredevils,Kolkata Knight Riders,Eden Gardens,Kolkata Knight Riders,field,Kolkata Knight Riders
Sunrisers Hyderabad,Kings XI Punjab,"Punjab Cricket Association IS Bindra Stadium, Mohali",Kings XI Punjab,field,Sunrisers Hyderabad
Rising Pune Supergiant,Royal Challengers Bangalore,Maharashtra Cricket Association Stadium,Royal Challengers Bangalore,field,Rising Pune Supergiant
Gujarat Lions,Mumbai Indians,Saurashtra Cricket Association Stadium,Gujarat Lions,bat,Mumbai Indians
Delhi Daredevils,Kings XI Punjab,"Punjab Cricket Association IS Bindra Stadium, Mohali",Kings XI Punjab,field,Kings XI Punjab
Sunrisers Hyderabad,Kolkata Knight Riders,"Rajiv Gandhi International Stadium, Uppal",Kolkata Knight Riders,field,Sunrisers Hyderabad
Royal Challengers Bangalore,Mumbai Indians,Wankhede Stadium,Royal Challengers Bangalore,bat,Mumbai Indians
Gujarat Lions,Rising Pune Supergiant,Maharashtra Cricket Association Stadium,Rising Pune Supergiant,field,Rising Pune Supergiant
Sunrisers Hyderabad,Delhi Daredevils,Feroz Shah Kotla,Delhi Daredevils,field,Delhi Daredevils
Kolkata Knight Riders,Rising Pune Supergiant,Eden Gardens,Rising Pune Supergiant,field,Rising Pune Supergiant
Gujarat Lions,Delhi Daredevils,Feroz Shah Kotla,Delhi Daredevils,field,Delhi Daredevils
Kings XI Punjab,Royal Challengers Bangalore,M Chinnaswamy Stadium,Royal Challengers Bangalore,field,Kings XI Punjab
Rising Pune Supergiant,Sunrisers Hyderabad,"Rajiv Gandhi International Stadium, Uppal",Sunrisers Hyderabad,field,Rising Pune Supergiant
Mumbai Indians,Delhi Daredevils,Feroz Shah Kotla,Delhi Daredevils,field,Mumbai Indians
Royal Challengers Bangalore,Kolkata Knight Riders,M Chinnaswamy Stadium,Kolkata Knight Riders,field,Kolkata Knight Riders
Kings XI Punjab,Gujarat Lions,"Punjab Cricket Association IS Bindra Stadium, Mohali",Gujarat Lions,field,Gujarat Lions
Mumbai Indians,Sunrisers Hyderabad,"Rajiv Gandhi International Stadium, Uppal",Mumbai Indians,bat,Sunrisers Hyderabad
Kings XI Punjab,Kolkata Knight Riders,"Punjab Cricket Association IS Bindra Stadium, Mohali",Kolkata Knight Riders,field,Kings XI Punjab
Gujarat Lions,Delhi Daredevils,Green Park,Delhi Daredevils,field,Delhi Daredevils
Kings XI Punjab,Mumbai Indians,Wankhede Stadium,Mumbai Indians,field,Kings XI Punjab
Delhi Daredevils,Rising Pune Supergiant,Feroz Shah Kotla,Delhi Daredevils,bat,Delhi Daredevils
Gujarat Lions,Sunrisers Hyderabad,Green Park,Sunrisers Hyderabad,field,Sunrisers Hyderabad
Mumbai Indians,Kolkata Knight Riders,Eden Gardens,Kolkata Knight Riders,field,Mumbai Indians
Kings XI Punjab,Rising Pune Supergiant,Maharashtra Cricket Association Stadium,Rising Pune Supergiant,field,Rising Pune Supergiant
Royal Challengers Bangalore,Delhi Daredevils,Feroz Shah Kotla,Royal Challengers Bangalore,bat,Royal Challengers Bangalore
Rising Pune Supergiant,Mumbai Indians,Wankhede Stadium,Mumbai Indians,field,Rising Pune Supergiant
Sunrisers Hyderabad,Kolkata Knight Riders,M Chinnaswamy Stadium,Kolkata Knight Riders,field,Kolkata Knight Riders
Kolkata Knight Riders,Mumbai Indians,M Chinnaswamy Stadium,Mumbai Indians,field,Mumbai Indians
Mumbai Indians,Rising Pune Supergiant,"Rajiv Gandhi International Stadium, Uppal",Mumbai Indians,bat,Mumbai Indians
Kolkata Knight Riders,Royal Challengers Bangalore,M Chinnaswamy Stadium,Royal Challengers Bangalore,field,Kolkata Knight Riders
Chennai Super Kings,Kings XI Punjab,"Punjab Cricket Association Stadium, Mohali",Chennai Super Kings,bat,Chennai Super Kings
Rajasthan Royals,Delhi Daredevils,Feroz Shah Kotla,Rajasthan Royals,bat,Delhi Daredevils
Mumbai Indians,Royal Challengers Bangalore,Wankhede Stadium,Mumbai Indians,bat,Royal Challengers Bangalore
Deccan Chargers,Kolkata Knight Riders,Eden Gardens,Deccan Chargers,bat,Kolkata Knight Riders
Kings XI Punjab,Rajasthan Royals,Sawai Mansingh Stadium,Kings XI Punjab,bat,Rajasthan Royals
Deccan Chargers,Delhi Daredevils,"Rajiv Gandhi International Stadium, Uppal",Deccan Chargers,bat,Delhi Daredevils
Chennai Super Kings,Mumbai Indians,"MA Chidambaram Stadium, Chepauk",Mumbai Indians,field,Chennai Super Kings
Deccan Chargers,Rajasthan Royals,"Rajiv Gandhi International Stadium, Uppal",Rajasthan Royals,field,Rajasthan Royals
Kings XI Punjab,Mumbai Indians,"Punjab Cricket Association Stadium, Mohali",Mumbai Indians,field,Kings XI Punjab
Royal Challengers Bangalore,Rajasthan Royals,M Chinnaswamy Stadium,Rajasthan Royals,field,Rajasthan Royals
Kolkata Knight Riders,Chennai Super Kings,"MA Chidambaram Stadium, Chepauk",Kolkata Knight Riders,bat,Chennai Super Kings
Mumbai Indians,Deccan Chargers,Dr DY Patil Sports Academy,Deccan Chargers,field,Deccan Chargers
Delhi Daredevils,Kings XI Punjab,"Punjab Cricket Association Stadium, Mohali",Delhi Daredevils,bat,Kings XI Punjab
Chennai Super Kings,Royal Challengers Bangalore,M Chinnaswamy Stadium,Chennai Super Kings,bat,Chennai Super Kings
Kolkata Knight Riders,Mumbai Indians,Eden Gardens,Kolkata Knight Riders,bat,Mumbai Indians
Delhi Daredevils,Royal Challengers Bangalore,Feroz Shah Kotla,Royal Challengers Bangalore,field,Delhi Daredevils
Deccan Chargers,Kings XI Punjab,"Rajiv Gandhi International Stadium, Uppal",Kings XI Punjab,field,Kings XI Punjab
Rajasthan Royals,Kolkata Knight Riders,Sawai Mansingh Stadium,Rajasthan Royals,bat,Rajasthan Royals
Chennai Super Kings,Delhi Daredevils,"MA Chidambaram Stadium, Chepauk",Chennai Super Kings,bat,Delhi Daredevils
Deccan Chargers,Royal Challengers Bangalore,"Rajiv Gandhi International Stadium, Uppal",Deccan Chargers,bat,Royal Challengers Bangalore
Kings XI Punjab,Kolkata Knight Riders,"Punjab Cricket Association Stadium, Mohali",Kings XI Punjab,bat,Kings XI Punjab
Mumbai Indians,Delhi Daredevils,Dr DY Patil Sports Academy,Delhi Daredevils,field,Mumbai Indians
Chennai Super Kings,Rajasthan Royals,Sawai Mansingh Stadium,Chennai Super Kings,bat,Rajasthan Royals
Royal Challengers Bangalore,Kings XI Punjab,M Chinnaswamy Stadium,Kings XI Punjab,field,Kings XI Punjab
Chennai Super Kings,Deccan Chargers,"MA Chidambaram Stadium, Chepauk",Deccan Chargers,field,Deccan Chargers
Rajasthan Royals,Mumbai Indians,Dr DY Patil Sports Academy,Mumbai Indians,field,Mumbai Indians
Delhi Daredevils,Chennai Super Kings,Feroz Shah Kotla,Chennai Super Kings,field,Chennai Super Kings
Kolkata Knight Riders,Royal Challengers Bangalore,Eden Gardens,Kolkata Knight Riders,bat,Kolkata Knight Riders
Deccan Chargers,Rajasthan Royals,Sawai Mansingh Stadium,Rajasthan Royals,field,Rajasthan Royals
Royal Challengers Bangalore,Mumbai Indians,M Chinnaswamy Stadium,Mumbai Indians,field,Mumbai Indians
Chennai Super Kings,Kings XI Punjab,"MA Chidambaram Stadium, Chepauk",Kings XI Punjab,field,Chennai Super Kings
Kolkata Knight Riders,Deccan Chargers,"Rajiv Gandhi International Stadium, Uppal",Kolkata Knight Riders,bat,Kolkata Knight Riders
Delhi Daredevils,Rajasthan Royals,Sawai Mansingh Stadium,Rajasthan Royals,field,Rajasthan Royals
Royal Challengers Bangalore,Kings XI Punjab,"Punjab Cricket Association Stadium, Mohali",Royal Challengers Bangalore,bat,Kings XI Punjab
Kolkata Knight Riders,Delhi Daredevils,Eden Gardens,Kolkata Knight Riders,bat,Kolkata Knight Riders
Chennai Super Kings,Mumbai Indians,Wankhede Stadium,Mumbai Indians,field,Mumbai Indians
Kings XI Punjab,Rajasthan Royals,"Punjab Cricket Association Stadium, Mohali",Rajasthan Royals,field,Kings XI Punjab
Delhi Daredevils,Deccan Chargers,Feroz Shah Kotla,Deccan Chargers,field,Delhi Daredevils
Kolkata Knight Riders,Mumbai Indians,Wankhede Stadium,Mumbai Indians,field,Mumbai Indians
Delhi Daredevils,Kings XI Punjab,Feroz Shah Kotla,Delhi Daredevils,bat,Kings XI Punjab
Rajasthan Royals,Royal Challengers Bangalore,Sawai Mansingh Stadium,Royal Challengers Bangalore,field,Rajasthan Royals
Mumbai Indians,Deccan Chargers,"Rajiv Gandhi International Stadium, Uppal",Deccan Chargers,field,Mumbai Indians
Kolkata Knight Riders,Chennai Super Kings,Eden Gardens,Kolkata Knight Riders,bat,Chennai Super Kings
Royal Challengers Bangalore,Delhi Daredevils,M Chinnaswamy Stadium,Delhi Daredevils,field,Delhi Daredevils
Kolkata Knight Riders,Rajasthan Royals,Eden Gardens,Rajasthan Royals,field,Rajasthan Royals
Kings XI Punjab,Mumbai Indians,Wankhede Stadium,Mumbai Indians,field,Kings XI Punjab
Royal Challengers Bangalore,Chennai Super Kings,"MA Chidambaram Stadium, Chepauk",Royal Challengers Bangalore,bat,Royal Challengers Bangalore
Deccan Chargers,Kings XI Punjab,"Punjab Cricket Association Stadium, Mohali",Kings XI Punjab,field,Kings XI Punjab
Mumbai Indians,Delhi Daredevils,Feroz Shah Kotla,Delhi Daredevils,field,Delhi Daredevils
Rajasthan Royals,Chennai Super Kings,"MA Chidambaram Stadium, Chepauk",Rajasthan Royals,bat,Rajasthan Royals
Royal Challengers Bangalore,Deccan Chargers,M Chinnaswamy Stadium,Deccan Chargers,field,Royal Challengers Bangalore
Kings XI Punjab,Kolkata Knight Riders,Eden Gardens,Kings XI Punjab,bat,Kolkata Knight Riders
Mumbai Indians,Rajasthan Royals,Sawai Mansingh Stadium,Rajasthan Royals,field,Rajasthan Royals
Deccan Chargers,Chennai Super Kings,"Rajiv Gandhi International Stadium, Uppal",Deccan Chargers,bat,Chennai Super Kings
Rajasthan Royals,Delhi Daredevils,Wankhede Stadium,Delhi Daredevils,field,Rajasthan Royals
Kings XI Punjab,Chennai Super Kings,Wankhede Stadium,Kings XI Punjab,bat,Chennai Super Kings
Chennai Super Kings,Rajasthan Royals,Dr DY Patil Sports Academy,Rajasthan Royals,field,Rajasthan Royals
Mumbai Indians,Chennai Super Kings,Newlands,Chennai Super Kings,field,Mumbai Indians
Royal Challengers Bangalore,Rajasthan Royals,Newlands,Royal Challengers Bangalore,bat,Royal Challengers Bangalore
Kings XI Punjab,Delhi Daredevils,Newlands,Delhi Daredevils,field,Delhi Daredevils
Kolkata Knight Riders,Deccan Chargers,Newlands,Kolkata Knight Riders,bat,Deccan Chargers
Chennai Super Kings,Royal Challengers Bangalore,St George's Park,Chennai Super Kings,bat,Chennai Super Kings
Kings XI Punjab,Kolkata Knight Riders,Kingsmead,Kolkata Knight Riders,field,Kolkata Knight Riders
Deccan Chargers,Royal Challengers Bangalore,Newlands,Deccan Chargers,bat,Deccan Chargers
Delhi Daredevils,Chennai Super Kings,Kingsmead,Delhi Daredevils,bat,Delhi Daredevils
Rajasthan Royals,Kolkata Knight Riders,Newlands,Kolkata Knight Riders,field,Rajasthan Royals
Royal Challengers Bangalore,Kings XI Punjab,Kingsmead,Royal Challengers Bangalore,bat,Kings XI Punjab
Deccan Chargers,Mumbai Indians,Kingsmead,Deccan Chargers,bat,Deccan Chargers
Royal Challengers Bangalore,Delhi Daredevils,St George's Park,Royal Challengers Bangalore,bat,Delhi Daredevils
Kings XI Punjab,Rajasthan Royals,Newlands,Kings XI Punjab,bat,Kings XI Punjab
Chennai Super Kings,Deccan Chargers,Kingsmead,Deccan Chargers,field,Deccan Chargers
Mumbai Indians,Kolkata Knight Riders,St George's Park,Mumbai Indians,bat,Mumbai Indians
Delhi Daredevils,Rajasthan Royals,SuperSport Park,Delhi Daredevils,bat,Rajasthan Royals
Kolkata Knight Riders,Royal Challengers Bangalore,Kingsmead,Kolkata Knight Riders,bat,Royal Challengers Bangalore
Kings XI Punjab,Mumbai Indians,Kingsmead,Kings XI Punjab,bat,Kings XI Punjab
Deccan Chargers,Delhi Daredevils,SuperSport Park,Delhi Daredevils,field,Delhi Daredevils
Chennai Super Kings,Rajasthan Royals,SuperSport Park,Rajasthan Royals,field,Chennai Super Kings
Mumbai Indians,Kolkata Knight Riders,Buffalo Park,Mumbai Indians,bat,Mumbai Indians
Royal Challengers Bangalore,Kings XI Punjab,Kingsmead,Royal Challengers Bangalore,bat,Royal Challengers Bangalore
Deccan Chargers,Rajasthan Royals,St George's Park,Deccan Chargers,bat,Rajasthan Royals
Chennai Super Kings,Delhi Daredevils,New Wanderers Stadium,Delhi Daredevils,field,Chennai Super Kings
Kolkata Knight Riders,Kings XI Punjab,St George's Park,Kolkata Knight Riders,bat,Kings XI Punjab
Mumbai Indians,Royal Challengers Bangalore,New Wanderers Stadium,Mumbai Indians,bat,Royal Challengers Bangalore
Chennai Super Kings,Deccan Chargers,Buffalo Park,Chennai Super Kings,bat,Chennai Super Kings
Rajasthan Royals,Kings XI Punjab,Kingsmead,Kings XI Punjab,field,Rajasthan Royals
Kolkata Knight Riders,Delhi Daredevils,Kingsmead,Kolkata Knight Riders,bat,Delhi Daredevils
Deccan Chargers,Mumbai Indians,SuperSport Park,Deccan Chargers,bat,Deccan Chargers
Royal Challengers Bangalore,Rajasthan Royals,SuperSport Park,Rajasthan Royals,field,Rajasthan Royals
Chennai Super Kings,Kings XI Punjab,SuperSport Park,Chennai Super Kings,bat,Chennai Super Kings
Mumbai Indians,Delhi Daredevils,Buffalo Park,Mumbai Indians,bat,Delhi Daredevils
Deccan Chargers,Kings XI Punjab,De Beers Diamond Oval,Kings XI Punjab,field,Kings XI Punjab
Rajasthan Royals,Chennai Super Kings,De Beers Diamond Oval,Rajasthan Royals,bat,Chennai Super Kings
Mumbai Indians,Royal Challengers Bangalore,St George's Park,Mumbai Indians,bat,Mumbai Indians
Kolkata Knight Riders,Delhi Daredevils,New Wanderers Stadium,Delhi Daredevils,field,Delhi Daredevils
Deccan Chargers,Rajasthan Royals,De Beers Diamond Oval,Deccan Chargers,bat,Deccan Chargers
Kolkata Knight Riders,Royal Challengers Bangalore,SuperSport Park,Royal Challengers Bangalore,field,Royal Challengers Bangalore
Kings XI Punjab,Mumbai Indians,SuperSport Park,Kings XI Punjab,bat,Mumbai Indians
Delhi Daredevils,Deccan Chargers,Kingsmead,Deccan Chargers,field,Delhi Daredevils
Chennai Super Kings,Royal Challengers Bangalore,Kingsmead,Chennai Super Kings,bat,Royal Challengers Bangalore
Rajasthan Royals,Mumbai Indians,Kingsmead,Rajasthan Royals,bat,Rajasthan Royals
Delhi Daredevils,Kings XI Punjab,OUTsurance Oval,Kings XI Punjab,field,Kings XI Punjab
Mumbai Indians,Chennai Super Kings,St George's Park,Mumbai Indians,bat,Chennai Super Kings
Kolkata Knight Riders,Deccan Chargers,New Wanderers Stadium,Deccan Chargers,field,Deccan Chargers
Kings XI Punjab,Deccan Chargers,New Wanderers Stadium,Deccan Chargers,field,Kings XI Punjab
Delhi Daredevils,Rajasthan Royals,OUTsurance Oval,Delhi Daredevils,bat,Delhi Daredevils
Chennai Super Kings,Kolkata Knight Riders,SuperSport Park,Chennai Super Kings,bat,Kolkata Knight Riders
Delhi Daredevils,Royal Challengers Bangalore,New Wanderers Stadium,Delhi Daredevils,bat,Royal Challengers Bangalore
Rajasthan Royals,Kolkata Knight Riders,Kingsmead,Kolkata Knight Riders,field,Kolkata Knight Riders
Chennai Super Kings,Kings XI Punjab,Kingsmead,Chennai Super Kings,bat,Chennai Super Kings
Mumbai Indians,Delhi Daredevils,SuperSport Park,Delhi Daredevils,field,Delhi Daredevils
Royal Challengers Bangalore,Deccan Chargers,SuperSport Park,Royal Challengers Bangalore,bat,Royal Challengers Bangalore
Delhi Daredevils,Deccan Chargers,SuperSport Park,Deccan Chargers,field,Deccan Chargers
Chennai Super Kings,Royal Challengers Bangalore,New Wanderers Stadium,Royal Challengers Bangalore,field,Royal Challengers Bangalore
Deccan Chargers,Royal Challengers Bangalore,New Wanderers Stadium,Royal Challengers Bangalore,field,Deccan Chargers
Kolkata Knight Riders,Deccan Chargers,Dr DY Patil Sports Academy,Deccan Chargers,field,Kolkata Knight Riders
Mumbai Indians,Rajasthan Royals,Brabourne Stadium,Mumbai Indians,bat,Mumbai Indians
Kings XI Punjab,Delhi Daredevils,"Punjab Cricket Association Stadium, Mohali",Delhi Daredevils,field,Delhi Daredevils
Royal Challengers Bangalore,Kolkata Knight Riders,Eden Gardens,Kolkata Knight Riders,field,Kolkata Knight Riders
Deccan Chargers,Chennai Super Kings,"MA Chidambaram Stadium, Chepauk",Deccan Chargers,bat,Deccan Chargers
Rajasthan Royals,Delhi Daredevils,"Sardar Patel Stadium, Motera",Delhi Daredevils,field,Delhi Daredevils
Kings XI Punjab,Royal Challengers Bangalore,M Chinnaswamy Stadium,Kings XI Punjab,bat,Royal Challengers Bangalore
Chennai Super Kings,Kolkata Knight Riders,Eden Gardens,Chennai Super Kings,bat,Chennai Super Kings
Mumbai Indians,Delhi Daredevils,Feroz Shah Kotla,Delhi Daredevils,field,Mumbai Indians
Rajasthan Royals,Royal Challengers Bangalore,M Chinnaswamy Stadium,Royal Challengers Bangalore,field,Royal Challengers Bangalore
Delhi Daredevils,Chennai Super Kings,Feroz Shah Kotla,Delhi Daredevils,bat,Chennai Super Kings
Deccan Chargers,Kings XI Punjab,Barabati Stadium,Kings XI Punjab,field,Deccan Chargers
Rajasthan Royals,Kolkata Knight Riders,"Sardar Patel Stadium, Motera",Rajasthan Royals,bat,Rajasthan Royals
Mumbai Indians,Royal Challengers Bangalore,Brabourne Stadium,Mumbai Indians,bat,Royal Challengers Bangalore
Deccan Chargers,Delhi Daredevils,Barabati Stadium,Deccan Chargers,bat,Deccan Chargers
Kings XI Punjab,Chennai Super Kings,"MA Chidambaram Stadium, Chepauk",Chennai Super Kings,field,Kings XI Punjab
Kolkata Knight Riders,Mumbai Indians,Brabourne Stadium,Kolkata Knight Riders,bat,Mumbai Indians
Royal Challengers Bangalore,Chennai Super Kings,M Chinnaswamy Stadium,Chennai Super Kings,field,Royal Challengers Bangalore
Rajasthan Royals,Kings XI Punjab,"Punjab Cricket Association Stadium, Mohali",Kings XI Punjab,field,Rajasthan Royals
Chennai Super Kings,Mumbai Indians,Brabourne Stadium,Mumbai Indians,field,Mumbai Indians
Deccan Chargers,Rajasthan Royals,"Sardar Patel Stadium, Motera",Deccan Chargers,bat,Rajasthan Royals
Kolkata Knight Riders,Kings XI Punjab,"Punjab Cricket Association Stadium, Mohali",Kolkata Knight Riders,bat,Kolkata Knight Riders
Delhi Daredevils,Royal Challengers Bangalore,M Chinnaswamy Stadium,Royal Challengers Bangalore,field,Delhi Daredevils
Rajasthan Royals,Chennai Super Kings,"Sardar Patel Stadium, Motera",Rajasthan Royals,bat,Rajasthan Royals
Mumbai Indians,Deccan Chargers,Dr DY Patil Sports Academy,Deccan Chargers,field,Mumbai Indians
Delhi Daredevils,Kolkata Knight Riders,Feroz Shah Kotla,Delhi Daredevils,bat,Delhi Daredevils
Kings XI Punjab,Mumbai Indians,Brabourne Stadium,Mumbai Indians,field,Mumbai Indians
Royal Challengers Bangalore,Chennai Super Kings,"MA Chidambaram Stadium, Chepauk",Royal Challengers Bangalore,bat,Chennai Super Kings
Delhi Daredevils,Rajasthan Royals,Feroz Shah Kotla,Delhi Daredevils,bat,Delhi Daredevils
Kolkata Knight Riders,Deccan Chargers,Eden Gardens,Kolkata Knight Riders,bat,Kolkata Knight Riders
Kings XI Punjab,Royal Challengers Bangalore,"Punjab Cricket Association Stadium, Mohali",Kings XI Punjab,bat,Royal Challengers Bangalore
Chennai Super Kings,Rajasthan Royals,"MA Chidambaram Stadium, Chepauk",Chennai Super Kings,bat,Chennai Super Kings
Mumbai Indians,Deccan Chargers,Brabourne Stadium,Mumbai Indians,bat,Mumbai Indians
Kolkata Knight Riders,Kings XI Punjab,Eden Gardens,Kolkata Knight Riders,bat,Kings XI Punjab
Delhi Daredevils,Royal Challengers Bangalore,Feroz Shah Kotla,Delhi Daredevils,bat,Delhi Daredevils
Rajasthan Royals,Deccan Chargers,"Vidarbha Cricket Association Stadium, Jamtha",Rajasthan Royals,bat,Rajasthan Royals
Chennai Super Kings,Mumbai Indians,"MA Chidambaram Stadium, Chepauk",Chennai Super Kings,bat,Chennai Super Kings
Kings XI Punjab,Rajasthan Royals,Sawai Mansingh Stadium,Kings XI Punjab,bat,Rajasthan Royals
Kolkata Knight Riders,Delhi Daredevils,Eden Gardens,Kolkata Knight Riders,bat,Kolkata Knight Riders
Royal Challengers Bangalore,Deccan Chargers,M Chinnaswamy Stadium,Deccan Chargers,field,Deccan Chargers
Mumbai Indians,Kings XI Punjab,"Punjab Cricket Association Stadium, Mohali",Mumbai Indians,bat,Kings XI Punjab
Chennai Super Kings,Deccan Chargers,"Vidarbha Cricket Association Stadium, Jamtha",Chennai Super Kings,bat,Deccan Chargers
Kolkata Knight Riders,Royal Challengers Bangalore,M Chinnaswamy Stadium,Royal Challengers Bangalore,field,Royal Challengers Bangalore
Delhi Daredevils,Kings XI Punjab,Feroz Shah Kotla,Delhi Daredevils,bat,Kings XI Punjab
Mumbai Indians,Rajasthan Royals,Sawai Mansingh Stadium,Rajasthan Royals,field,Mumbai Indians
Deccan Chargers,Royal Challengers Bangalore,"Vidarbha Cricket Association Stadium, Jamtha",Royal Challengers Bangalore,field,Deccan Chargers
Mumbai Indians,Delhi Daredevils,Brabourne Stadium,Mumbai Indians,bat,Mumbai Indians
Kolkata Knight Riders,Chennai Super Kings,"MA Chidambaram Stadium, Chepauk",Kolkata Knight Riders,bat,Chennai Super Kings
Rajasthan Royals,Royal Challengers Bangalore,Sawai Mansingh Stadium,Rajasthan Royals,bat,Royal Challengers Bangalore
Chennai Super Kings,Delhi Daredevils,"MA Chidambaram Stadium, Chepauk",Chennai Super Kings,bat,Delhi Daredevils
Kings XI Punjab,Deccan Chargers,Himachal Pradesh Cricket Association Stadium,Deccan Chargers,field,Deccan Chargers
Mumbai Indians,Royal Challengers Bangalore,M Chinnaswamy Stadium,Royal Challengers Bangalore,field,Mumbai Indians
Rajasthan Royals,Kolkata Knight Riders,Eden Gardens,Rajasthan Royals,bat,Kolkata Knight Riders
Kings XI Punjab,Chennai Super Kings,Himachal Pradesh Cricket Association Stadium,Chennai Super Kings,field,Chennai Super Kings
Deccan Chargers,Delhi Daredevils,Feroz Shah Kotla,Deccan Chargers,bat,Deccan Chargers
Mumbai Indians,Kolkata Knight Riders,Eden Gardens,Mumbai Indians,bat,Kolkata Knight Riders
Mumbai Indians,Royal Challengers Bangalore,Dr DY Patil Sports Academy,Mumbai Indians,bat,Mumbai Indians
Chennai Super Kings,Deccan Chargers,Dr DY Patil Sports Academy,Chennai Super Kings,bat,Chennai Super Kings
Deccan Chargers,Royal Challengers Bangalore,Dr DY Patil Sports Academy,Deccan Chargers,bat,Royal Challengers Bangalore
Chennai Super Kings,Mumbai Indians,Dr DY Patil Sports Academy,Chennai Super Kings,bat,Chennai Super Kings
Chennai Super Kings,Kolkata Knight Riders,"MA Chidambaram Stadium, Chepauk",Chennai Super Kings,bat,Chennai Super Kings
Deccan Chargers,Rajasthan Royals,"Rajiv Gandhi International Stadium, Uppal",Rajasthan Royals,field,Rajasthan Royals
Kochi Tuskers Kerala,Royal Challengers Bangalore,Nehru Stadium,Kochi Tuskers Kerala,bat,Royal Challengers Bangalore
Delhi Daredevils,Mumbai Indians,Feroz Shah Kotla,Delhi Daredevils,bat,Mumbai Indians
Kings XI Punjab,Pune Warriors,Dr DY Patil Sports Academy,Kings XI Punjab,bat,Pune Warriors
Kolkata Knight Riders,Deccan Chargers,Eden Gardens,Kolkata Knight Riders,bat,Kolkata Knight Riders
Delhi Daredevils,Rajasthan Royals,Sawai Mansingh Stadium,Delhi Daredevils,bat,Rajasthan Royals
Royal Challengers Bangalore,Mumbai Indians,M Chinnaswamy Stadium,Mumbai Indians,field,Mumbai Indians
Chennai Super Kings,Kings XI Punjab,"Punjab Cricket Association Stadium, Mohali",Kings XI Punjab,field,Kings XI Punjab
Kochi Tuskers Kerala,Pune Warriors,Dr DY Patil Sports Academy,Kochi Tuskers Kerala,bat,Pune Warriors
Deccan Chargers,Royal Challengers Bangalore,"Rajiv Gandhi International Stadium, Uppal",Royal Challengers Bangalore,field,Deccan Chargers
Rajasthan Royals,Kolkata Knight Riders,Sawai Mansingh Stadium,Kolkata Knight Riders,field,Kolkata Knight Riders
Mumbai Indians,Kochi Tuskers Kerala,Wankhede Stadium,Kochi Tuskers Kerala,field,Kochi Tuskers Kerala
Chennai Super Kings,Royal Challengers Bangalore,"MA Chidambaram Stadium, Chepauk",Chennai Super Kings,bat,Chennai Super Kings
Deccan Chargers,Kings XI Punjab,"Rajiv Gandhi International Stadium, Uppal",Kings XI Punjab,field,Kings XI Punjab
Pune Warriors,Delhi Daredevils,Dr DY Patil Sports Academy,Delhi Daredevils,field,Delhi Daredevils
Rajasthan Royals,Kolkata Knight Riders,Eden Gardens,Kolkata Knight Riders,field,Kolkata Knight Riders
Chennai Super Kings,Kochi Tuskers Kerala,Nehru Stadium,Kochi Tuskers Kerala,field,Kochi Tuskers Kerala
Deccan Chargers,Delhi Daredevils,Feroz Shah Kotla,Deccan Chargers,bat,Deccan Chargers
Pune Warriors,Mumbai Indians,Wankhede Stadium,Pune Warriors,bat,Mumbai Indians
Kochi Tuskers Kerala,Kolkata Knight Riders,Eden Gardens,Kolkata Knight Riders,field,Kochi Tuskers Kerala
Kings XI Punjab,Rajasthan Royals,"Punjab Cricket Association Stadium, Mohali",Rajasthan Royals,field,Kings XI Punjab
Mumbai Indians,Chennai Super Kings,Wankhede Stadium,Chennai Super Kings,field,Mumbai Indians
Kolkata Knight Riders,Royal Challengers Bangalore,Eden Gardens,Royal Challengers Bangalore,field,Royal Challengers Bangalore
Delhi Daredevils,Kings XI Punjab,Feroz Shah Kotla,Kings XI Punjab,field,Delhi Daredevils
Mumbai Indians,Deccan Chargers,"Rajiv Gandhi International Stadium, Uppal",Deccan Chargers,field,Mumbai Indians
Kochi Tuskers Kerala,Rajasthan Royals,Sawai Mansingh Stadium,Rajasthan Royals,field,Rajasthan Royals
Chennai Super Kings,Pune Warriors,"MA Chidambaram Stadium, Chepauk",Pune Warriors,field,Chennai Super Kings
Delhi Daredevils,Royal Challengers Bangalore,Feroz Shah Kotla,Royal Challengers Bangalore,field,Royal Challengers Bangalore
Pune Warriors,Chennai Super Kings,Dr DY Patil Sports Academy,Pune Warriors,bat,Chennai Super Kings
Deccan Chargers,Kochi Tuskers Kerala,Nehru Stadium,Kochi Tuskers Kerala,field,Deccan Chargers
Kolkata Knight Riders,Delhi Daredevils,Feroz Shah Kotla,Delhi Daredevils,field,Kolkata Knight Riders
Mumbai Indians,Rajasthan Royals,Sawai Mansingh Stadium,Rajasthan Royals,field,Rajasthan Royals
Royal Challengers Bangalore,Pune Warriors,M Chinnaswamy Stadium,Pune Warriors,field,Royal Challengers Bangalore
Delhi Daredevils,Kochi Tuskers Kerala,Nehru Stadium,Delhi Daredevils,bat,Delhi Daredevils
Kings XI Punjab,Kolkata Knight Riders,Eden Gardens,Kolkata Knight Riders,field,Kolkata Knight Riders
Pune Warriors,Rajasthan Royals,Sawai Mansingh Stadium,Rajasthan Royals,field,Rajasthan Royals
Chennai Super Kings,Deccan Chargers,"MA Chidambaram Stadium, Chepauk",Chennai Super Kings,bat,Chennai Super Kings
Mumbai Indians,Kings XI Punjab,Wankhede Stadium,Kings XI Punjab,field,Mumbai Indians
Delhi Daredevils,Kochi Tuskers Kerala,Feroz Shah Kotla,Kochi Tuskers Kerala,field,Kochi Tuskers Kerala
Kolkata Knight Riders,Deccan Chargers,"Rajiv Gandhi International Stadium, Uppal",Deccan Chargers,field,Kolkata Knight Riders
Rajasthan Royals,Chennai Super Kings,"MA Chidambaram Stadium, Chepauk",Rajasthan Royals,bat,Chennai Super Kings
Mumbai Indians,Pune Warriors,Dr DY Patil Sports Academy,Pune Warriors,field,Mumbai Indians
Kochi Tuskers Kerala,Kolkata Knight Riders,Nehru Stadium,Kolkata Knight Riders,field,Kochi Tuskers Kerala
Deccan Chargers,Delhi Daredevils,"Rajiv Gandhi International Stadium, Uppal",Delhi Daredevils,field,Delhi Daredevils
Royal Challengers Bangalore,Kings XI Punjab,M Chinnaswamy Stadium,Kings XI Punjab,field,Royal Challengers Bangalore
Chennai Super Kings,Kolkata Knight Riders,Eden Gardens,Chennai Super Kings,bat,Kolkata Knight Riders
Mumbai Indians,Delhi Daredevils,Wankhede Stadium,Delhi Daredevils,field,Mumbai Indians
Kochi Tuskers Kerala,Royal Challengers Bangalore,M Chinnaswamy Stadium,Kochi Tuskers Kerala,bat,Royal Challengers Bangalore
Kings XI Punjab,Pune Warriors,"Punjab Cricket Association Stadium, Mohali",Kings XI Punjab,bat,Pune Warriors
Chennai Super Kings,Rajasthan Royals,Sawai Mansingh Stadium,Rajasthan Royals,field,Chennai Super Kings
Deccan Chargers,Pune Warriors,"Rajiv Gandhi International Stadium, Uppal",Deccan Chargers,bat,Pune Warriors
Kings XI Punjab,Mumbai Indians,"Punjab Cricket Association Stadium, Mohali",Mumbai Indians,field,Kings XI Punjab
Rajasthan Royals,Royal Challengers Bangalore,Sawai Mansingh Stadium,Royal Challengers Bangalore,field,Royal Challengers Bangalore
Chennai Super Kings,Delhi Daredevils,"MA Chidambaram Stadium, Chepauk",Chennai Super Kings,bat,Chennai Super Kings
Kochi Tuskers Kerala,Kings XI Punjab,Holkar Cricket Stadium,Kings XI Punjab,field,Kings XI Punjab
Kolkata Knight Riders,Royal Challengers Bangalore,M Chinnaswamy Stadium,Royal Challengers Bangalore,field,Royal Challengers Bangalore
Deccan Chargers,Mumbai Indians,Wankhede Stadium,Deccan Chargers,bat,Deccan Chargers
Kings XI Punjab,Delhi Daredevils,Himachal Pradesh Cricket Association Stadium,Delhi Daredevils,field,Kings XI Punjab
Rajasthan Royals,Kochi Tuskers Kerala,Holkar Cricket Stadium,Kochi Tuskers Kerala,field,Kochi Tuskers Kerala
Pune Warriors,Deccan Chargers,Dr DY Patil Sports Academy,Deccan Chargers,field,Deccan Chargers
Kings XI Punjab,Royal Challengers Bangalore,Himachal Pradesh Cricket Association Stadium,Kings XI Punjab,bat,Kings XI Punjab
Chennai Super Kings,Kochi Tuskers Kerala,"MA Chidambaram Stadium, Chepauk",Chennai Super Kings,bat,Chennai Super Kings
Pune Warriors,Kolkata Knight Riders,Dr DY Patil Sports Academy,Kolkata Knight Riders,field,Kolkata Knight Riders
Mumbai Indians,Rajasthan Royals,Wankhede Stadium,Mumbai Indians,bat,Rajasthan Royals
Deccan Chargers,Kings XI Punjab,Himachal Pradesh Cricket Association Stadium,Kings XI Punjab,field,Deccan Chargers
Chennai Super Kings,Royal Challengers Bangalore,M Chinnaswamy Stadium,Royal Challengers Bangalore,field,Royal Challengers Bangalore
Kolkata Knight Riders,Mumbai Indians,Eden Gardens,Mumbai Indians,field,Mumbai Indians
Royal Challengers Bangalore,Chennai Super Kings,Wankhede Stadium,Chennai Super Kings,field,Chennai Super Kings
Kolkata Knight Riders,Mumbai Indians,Wankhede Stadium,Mumbai Indians,field,Mumbai Indians
Royal Challengers Bangalore,Mumbai Indians,"MA Chidambaram Stadium, Chepauk",Mumbai Indians,field,Royal Challengers Bangalore
Chennai Super Kings,Royal Challengers Bangalore,"MA Chidambaram Stadium, Chepauk",Chennai Super Kings,bat,Chennai Super Kings
Chennai Super Kings,Mumbai Indians,"MA Chidambaram Stadium, Chepauk",Mumbai Indians,field,Mumbai Indians
Kolkata Knight Riders,Delhi Daredevils,Eden Gardens,Delhi Daredevils,field,Delhi Daredevils
Pune Warriors,Mumbai Indians,Wankhede Stadium,Mumbai Indians,field,Pune Warriors
Rajasthan Royals,Kings XI Punjab,Sawai Mansingh Stadium,Kings XI Punjab,field,Rajasthan Royals
Royal Challengers Bangalore,Delhi Daredevils,M Chinnaswamy Stadium,Delhi Daredevils,field,Royal Challengers Bangalore
Chennai Super Kings,Deccan Chargers,Dr. Y.S. Rajasekhara Reddy ACA-VDCA Cricket Stadium,Deccan Chargers,field,Chennai Super Kings
Rajasthan Royals,Kolkata Knight Riders,Sawai Mansingh Stadium,Kolkata Knight Riders,field,Rajasthan Royals
Pune Warriors,Kings XI Punjab,Subrata Roy Sahara Stadium,Pune Warriors,bat,Pune Warriors
Deccan Chargers,Mumbai Indians,Dr. Y.S. Rajasekhara Reddy ACA-VDCA Cricket Stadium,Deccan Chargers,bat,Mumbai Indians
Kolkata Knight Riders,Royal Challengers Bangalore,M Chinnaswamy Stadium,Royal Challengers Bangalore,field,Kolkata Knight Riders
Chennai Super Kings,Delhi Daredevils,Feroz Shah Kotla,Delhi Daredevils,field,Delhi Daredevils
Mumbai Indians,Rajasthan Royals,Wankhede Stadium,Rajasthan Royals,field,Mumbai Indians
Royal Challengers Bangalore,Chennai Super Kings,"MA Chidambaram Stadium, Chepauk",Royal Challengers Bangalore,bat,Chennai Super Kings
Pune Warriors,Kings XI Punjab,"Punjab Cricket Association Stadium, Mohali",Kings XI Punjab,field,Kings XI Punjab
Rajasthan Royals,Kolkata Knight Riders,Eden Gardens,Rajasthan Royals,bat,Kolkata Knight Riders
Deccan Chargers,Delhi Daredevils,Feroz Shah Kotla,Deccan Chargers,bat,Delhi Daredevils
Chennai Super Kings,Pune Warriors,Subrata Roy Sahara Stadium,Chennai Super Kings,bat,Pune Warriors
Kings XI Punjab,Kolkata Knight Riders,Eden Gardens,Kolkata Knight Riders,field,Kings XI Punjab
Rajasthan Royals,Royal Challengers Bangalore,M Chinnaswamy Stadium,Rajasthan Royals,bat,Rajasthan Royals
Mumbai Indians,Delhi Daredevils,Wankhede Stadium,Delhi Daredevils,field,Delhi Daredevils
Deccan Chargers,Rajasthan Royals,Sawai Mansingh Stadium,Deccan Chargers,bat,Rajasthan Royals
Pune Warriors,Royal Challengers Bangalore,M Chinnaswamy Stadium,Pune Warriors,bat,Royal Challengers Bangalore
Kings XI Punjab,Kolkata Knight Riders,"Punjab Cricket Association Stadium, Mohali",Kings XI Punjab,bat,Kolkata Knight Riders
Deccan Chargers,Delhi Daredevils,"Rajiv Gandhi International Stadium, Uppal",Deccan Chargers,bat,Delhi Daredevils
Chennai Super Kings,Pune Warriors,"MA Chidambaram Stadium, Chepauk",Pune Warriors,field,Chennai Super Kings
Kings XI Punjab,Royal Challengers Bangalore,"Punjab Cricket Association Stadium, Mohali",Royal Challengers Bangalore,field,Royal Challengers Bangalore
Rajasthan Royals,Chennai Super Kings,"MA Chidambaram Stadium, Chepauk",Rajasthan Royals,bat,Chennai Super Kings
Pune Warriors,Delhi Daredevils,Feroz Shah Kotla,Delhi Daredevils,field,Pune Warriors
Mumbai Indians,Kings XI Punjab,Wankhede Stadium,Mumbai Indians,bat,Kings XI Punjab
Deccan Chargers,Kolkata Knight Riders,Barabati Stadium,Kolkata Knight Riders,field,Kolkata Knight Riders
Royal Challengers Bangalore,Rajasthan Royals,Sawai Mansingh Stadium,Rajasthan Royals,field,Royal Challengers Bangalore
Pune Warriors,Delhi Daredevils,Subrata Roy Sahara Stadium,Pune Warriors,bat,Delhi Daredevils
Kings XI Punjab,Mumbai Indians,"Punjab Cricket Association Stadium, Mohali",Kings XI Punjab,bat,Mumbai Indians
Deccan Chargers,Pune Warriors,Subrata Roy Sahara Stadium,Deccan Chargers,bat,Deccan Chargers
Delhi Daredevils,Mumbai Indians,Feroz Shah Kotla,Mumbai Indians,field,Delhi Daredevils
Kings XI Punjab,Chennai Super Kings,"MA Chidambaram Stadium, Chepauk",Kings XI Punjab,bat,Kings XI Punjab
Kolkata Knight Riders,Royal Challengers Bangalore,Eden Gardens,Kolkata Knight Riders,bat,Kolkata Knight Riders
Delhi Daredevils,Rajasthan Royals,Feroz Shah Kotla,Delhi Daredevils,bat,Delhi Daredevils
Deccan Chargers,Mumbai Indians,Wankhede Stadium,Mumbai Indians,field,Mumbai Indians
Chennai Super Kings,Kolkata Knight Riders,"MA Chidambaram Stadium, Chepauk",Chennai Super Kings,bat,Kolkata Knight Riders
Deccan Chargers,Pune Warriors,Barabati Stadium,Deccan Chargers,bat,Deccan Chargers
Rajasthan Royals,Delhi Daredevils,Sawai Mansingh Stadium,Rajasthan Royals,bat,Delhi Daredevils
Royal Challengers Bangalore,Kings XI Punjab,M Chinnaswamy Stadium,Kings XI Punjab,field,Kings XI Punjab
Mumbai Indians,Pune Warriors,Subrata Roy Sahara Stadium,Mumbai Indians,bat,Mumbai Indians
Chennai Super Kings,Deccan Chargers,"MA Chidambaram Stadium, Chepauk",Chennai Super Kings,bat,Chennai Super Kings
Kolkata Knight Riders,Pune Warriors,Eden Gardens,Kolkata Knight Riders,bat,Kolkata Knight Riders
Rajasthan Royals,Kings XI Punjab,"Punjab Cricket Association Stadium, Mohali",Rajasthan Royals,bat,Rajasthan Royals
Chennai Super Kings,Mumbai Indians,Wankhede Stadium,Mumbai Indians,field,Mumbai Indians
Deccan Chargers,Royal Challengers Bangalore,M Chinnaswamy Stadium,Royal Challengers Bangalore,field,Royal Challengers Bangalore
Delhi Daredevils,Kolkata Knight Riders,Feroz Shah Kotla,Delhi Daredevils,bat,Kolkata Knight Riders
Pune Warriors,Rajasthan Royals,Subrata Roy Sahara Stadium,Pune Warriors,bat,Rajasthan Royals
Kings XI Punjab,Deccan Chargers,"Rajiv Gandhi International Stadium, Uppal",Deccan Chargers,field,Kings XI Punjab
Mumbai Indians,Royal Challengers Bangalore,Wankhede Stadium,Royal Challengers Bangalore,field,Royal Challengers Bangalore
Rajasthan Royals,Chennai Super Kings,Sawai Mansingh Stadium,Chennai Super Kings,field,Chennai Super Kings
Royal Challengers Bangalore,Pune Warriors,Subrata Roy Sahara Stadium,Pune Warriors,field,Royal Challengers Bangalore
Mumbai Indians,Kolkata Knight Riders,Eden Gardens,Mumbai Indians,bat,Mumbai Indians
Delhi Daredevils,Chennai Super Kings,"MA Chidambaram Stadium, Chepauk",Chennai Super Kings,field,Chennai Super Kings
Rajasthan Royals,Pune Warriors,Sawai Mansingh Stadium,Rajasthan Royals,bat,Rajasthan Royals
Deccan Chargers,Kings XI Punjab,"Punjab Cricket Association Stadium, Mohali",Deccan Chargers,bat,Kings XI Punjab
Royal Challengers Bangalore,Mumbai Indians,M Chinnaswamy Stadium,Mumbai Indians,field,Mumbai Indians
Kolkata Knight Riders,Chennai Super Kings,Eden Gardens,Chennai Super Kings,field,Chennai Super Kings
Kings XI Punjab,Delhi Daredevils,Feroz Shah Kotla,Kings XI Punjab,bat,Delhi Daredevils
Kolkata Knight Riders,Mumbai Indians,Wankhede Stadium,Mumbai Indians,field,Kolkata Knight Riders
Chennai Super Kings,Kings XI Punjab,Himachal Pradesh Cricket Association Stadium,Kings XI Punjab,field,Kings XI Punjab
Royal Challengers Bangalore,Delhi Daredevils,Feroz Shah Kotla,Delhi Daredevils,field,Royal Challengers Bangalore
Rajasthan Royals,Deccan Chargers,"Rajiv Gandhi International Stadium, Uppal",Rajasthan Royals,bat,Deccan Chargers
Kings XI Punjab,Delhi Daredevils,Himachal Pradesh Cricket Association Stadium,Delhi Daredevils,field,Delhi Daredevils
Kolkata Knight Riders,Pune Warriors,Subrata Roy Sahara Stadium,Kolkata Knight Riders,bat,Kolkata Knight Riders
Deccan Chargers,Royal Challengers Bangalore,"Rajiv Gandhi International Stadium, Uppal",Royal Challengers Bangalore,field,Deccan Chargers
Rajasthan Royals,Mumbai Indians,Sawai Mansingh Stadium,Rajasthan Royals,bat,Mumbai Indians
Kolkata Knight Riders,Delhi Daredevils,Subrata Roy Sahara Stadium,Kolkata Knight Riders,bat,Kolkata Knight Riders
Chennai Super Kings,Mumbai Indians,M Chinnaswamy Stadium,Mumbai Indians,field,Chennai Super Kings
Chennai Super Kings,Delhi Daredevils,"MA Chidambaram Stadium, Chepauk",Delhi Daredevils,field,Chennai Super Kings
Chennai Super Kings,Kolkata Knight Riders,"MA Chidambaram Stadium, Chepauk",Chennai Super Kings,bat,Kolkata Knight Riders
Delhi Daredevils,Kolkata Knight Riders,Eden Gardens,Kolkata Knight Riders,field,Kolkata Knight Riders
Royal Challengers Bangalore,Mumbai Indians,M Chinnaswamy Stadium,Mumbai Indians,field,Royal Challengers Bangalore
Sunrisers Hyderabad,Pune Warriors,"Rajiv Gandhi International Stadium, Uppal",Pune Warriors,field,Sunrisers Hyderabad
Rajasthan Royals,Delhi Daredevils,Feroz Shah Kotla,Rajasthan Royals,bat,Rajasthan Royals
Mumbai Indians,Chennai Super Kings,"MA Chidambaram Stadium, Chepauk",Mumbai Indians,bat,Mumbai Indians
Pune Warriors,Kings XI Punjab,Subrata Roy Sahara Stadium,Pune Warriors,bat,Kings XI Punjab
Royal Challengers Bangalore,Sunrisers Hyderabad,"Rajiv Gandhi International Stadium, Uppal",Royal Challengers Bangalore,bat,Sunrisers Hyderabad
Rajasthan Royals,Kolkata Knight Riders,Sawai Mansingh Stadium,Kolkata Knight Riders,field,Rajasthan Royals
Mumbai Indians,Delhi Daredevils,Wankhede Stadium,Mumbai Indians,bat,Mumbai Indians
Kings XI Punjab,Chennai Super Kings,"Punjab Cricket Association Stadium, Mohali",Chennai Super Kings,field,Chennai Super Kings
Kolkata Knight Riders,Royal Challengers Bangalore,M Chinnaswamy Stadium,Royal Challengers Bangalore,field,Royal Challengers Bangalore
Rajasthan Royals,Pune Warriors,Subrata Roy Sahara Stadium,Rajasthan Royals,bat,Pune Warriors
Delhi Daredevils,Sunrisers Hyderabad,Feroz Shah Kotla,Delhi Daredevils,bat,Sunrisers Hyderabad
Mumbai Indians,Pune Warriors,Wankhede Stadium,Mumbai Indians,bat,Mumbai Indians
Royal Challengers Bangalore,Chennai Super Kings,"MA Chidambaram Stadium, Chepauk",Chennai Super Kings,field,Chennai Super Kings
Kolkata Knight Riders,Sunrisers Hyderabad,Eden Gardens,Kolkata Knight Riders,bat,Kolkata Knight Riders
Kings XI Punjab,Rajasthan Royals,Sawai Mansingh Stadium,Rajasthan Royals,field,Rajasthan Royals
Pune Warriors,Chennai Super Kings,"MA Chidambaram Stadium, Chepauk",Pune Warriors,bat,Pune Warriors
Kings XI Punjab,Kolkata Knight Riders,"Punjab Cricket Association Stadium, Mohali",Kolkata Knight Riders,field,Kings XI Punjab
Delhi Daredevils,Royal Challengers Bangalore,M Chinnaswamy Stadium,Royal Challengers Bangalore,field,Royal Challengers Bangalore
Sunrisers Hyderabad,Pune Warriors,Subrata Roy Sahara Stadium,Pune Warriors,field,Sunrisers Hyderabad
Rajasthan Royals,Mumbai Indians,Sawai Mansingh Stadium,Rajasthan Royals,bat,Rajasthan Royals
Chennai Super Kings,Delhi Daredevils,Feroz Shah Kotla,Chennai Super Kings,bat,Chennai Super Kings
Kings XI Punjab,Sunrisers Hyderabad,"Rajiv Gandhi International Stadium, Uppal",Kings XI Punjab,bat,Sunrisers Hyderabad
Kolkata Knight Riders,Chennai Super Kings,Eden Gardens,Kolkata Knight Riders,bat,Chennai Super Kings
Rajasthan Royals,Royal Challengers Bangalore,M Chinnaswamy Stadium,Royal Challengers Bangalore,field,Royal Challengers Bangalore
Mumbai Indians,Delhi Daredevils,Feroz Shah Kotla,Mumbai Indians,bat,Delhi Daredevils
Pune Warriors,Kings XI Punjab,"Punjab Cricket Association Stadium, Mohali",Kings XI Punjab,field,Kings XI Punjab
Rajasthan Royals,Chennai Super Kings,"MA Chidambaram Stadium, Chepauk",Rajasthan Royals,bat,Chennai Super Kings
Royal Challengers Bangalore,Pune Warriors,M Chinnaswamy Stadium,Pune Warriors,field,Royal Challengers Bangalore
Kings XI Punjab,Delhi Daredevils,Himachal Pradesh Cricket Association Stadium,Delhi Daredevils,field,Kings XI Punjab
Kolkata Knight Riders,Mumbai Indians,Eden Gardens,Kolkata Knight Riders,bat,Mumbai Indians
Sunrisers Hyderabad,Chennai Super Kings,"MA Chidambaram Stadium, Chepauk",Sunrisers Hyderabad,bat,Chennai Super Kings
Kings XI Punjab,Kolkata Knight Riders,Eden Gardens,Kings XI Punjab,bat,Kolkata Knight Riders
Sunrisers Hyderabad,Rajasthan Royals,Sawai Mansingh Stadium,Sunrisers Hyderabad,bat,Rajasthan Royals
Mumbai Indians,Royal Challengers Bangalore,Wankhede Stadium,Mumbai Indians,bat,Mumbai Indians
Chennai Super Kings,Kolkata Knight Riders,"MA Chidambaram Stadium, Chepauk",Kolkata Knight Riders,field,Chennai Super Kings
Delhi Daredevils,Pune Warriors,Shaheed Veer Narayan Singh International Stadium,Pune Warriors,field,Delhi Daredevils
Royal Challengers Bangalore,Rajasthan Royals,Sawai Mansingh Stadium,Rajasthan Royals,field,Rajasthan Royals
Mumbai Indians,Kings XI Punjab,Wankhede Stadium,Mumbai Indians,bat,Mumbai Indians
Chennai Super Kings,Pune Warriors,Subrata Roy Sahara Stadium,Chennai Super Kings,bat,Chennai Super Kings
Mumbai Indians,Sunrisers Hyderabad,"Rajiv Gandhi International Stadium, Uppal",Mumbai Indians,bat,Sunrisers Hyderabad
Kolkata Knight Riders,Delhi Daredevils,Shaheed Veer Narayan Singh International Stadium,Kolkata Knight Riders,bat,Delhi Daredevils
Chennai Super Kings,Kings XI Punjab,"MA Chidambaram Stadium, Chepauk",Chennai Super Kings,bat,Chennai Super Kings
Royal Challengers Bangalore,Pune Warriors,Subrata Roy Sahara Stadium,Royal Challengers Bangalore,bat,Royal Challengers Bangalore
Rajasthan Royals,Kolkata Knight Riders,Eden Gardens,Rajasthan Royals,bat,Kolkata Knight Riders
Delhi Daredevils,Sunrisers Hyderabad,"Rajiv Gandhi International Stadium, Uppal",Delhi Daredevils,bat,Sunrisers Hyderabad
Royal Challengers Bangalore,Kings XI Punjab,M Chinnaswamy Stadium,Kings XI Punjab,field,Kings XI Punjab
Mumbai Indians,Chennai Super Kings,Wankhede Stadium,Mumbai Indians,bat,Mumbai Indians
Pune Warriors,Rajasthan Royals,Sawai Mansingh Stadium,Pune Warriors,bat,Rajasthan Royals
Sunrisers Hyderabad,Royal Challengers Bangalore,M Chinnaswamy Stadium,Sunrisers Hyderabad,bat,Royal Challengers Bangalore
Delhi Daredevils,Rajasthan Royals,Sawai Mansingh Stadium,Delhi Daredevils,bat,Rajasthan Royals
Mumbai Indians,Kolkata Knight Riders,Wankhede Stadium,Mumbai Indians,bat,Mumbai Indians
Chennai Super Kings,Sunrisers Hyderabad,"Rajiv Gandhi International Stadium, Uppal",Sunrisers Hyderabad,field,Chennai Super Kings
Kings XI Punjab,Rajasthan Royals,"Punjab Cricket Association Stadium, Mohali",Rajasthan Royals,field,Rajasthan Royals
Kolkata Knight Riders,Pune Warriors,Subrata Roy Sahara Stadium,Kolkata Knight Riders,bat,Kolkata Knight Riders
Royal Challengers Bangalore,Delhi Daredevils,Feroz Shah Kotla,Delhi Daredevils,field,Royal Challengers Bangalore
Pune Warriors,Mumbai Indians,Subrata Roy Sahara Stadium,Pune Warriors,bat,Mumbai Indians
Sunrisers Hyderabad,Kings XI Punjab,"Punjab Cricket Association Stadium, Mohali",Kings XI Punjab,field,Sunrisers Hyderabad
Royal Challengers Bangalore,Kolkata Knight Riders,JSCA International Stadium Complex,Kolkata Knight Riders,field,Kolkata Knight Riders
Chennai Super Kings,Rajasthan Royals,Sawai Mansingh Stadium,Rajasthan Royals,field,Rajasthan Royals
Delhi Daredevils,Kings XI Punjab,Feroz Shah Kotla,Kings XI Punjab,field,Kings XI Punjab
Sunrisers Hyderabad,Mumbai Indians,Wankhede Stadium,Sunrisers Hyderabad,bat,Mumbai Indians
Pune Warriors,Kolkata Knight Riders,JSCA International Stadium Complex,Kolkata Knight Riders,field,Pune Warriors
Chennai Super Kings,Delhi Daredevils,"MA Chidambaram Stadium, Chepauk",Chennai Super Kings,bat,Chennai Super Kings
Mumbai Indians,Rajasthan Royals,Wankhede Stadium,Rajasthan Royals,field,Mumbai Indians
Royal Challengers Bangalore,Kings XI Punjab,"Punjab Cricket Association Stadium, Mohali",Kings XI Punjab,field,Kings XI Punjab
Sunrisers Hyderabad,Rajasthan Royals,"Rajiv Gandhi International Stadium, Uppal",Sunrisers Hyderabad,bat,Sunrisers Hyderabad
Kings XI Punjab,Mumbai Indians,Himachal Pradesh Cricket Association Stadium,Mumbai Indians,field,Kings XI Punjab
Pune Warriors,Delhi Daredevils,Subrata Roy Sahara Stadium,Pune Warriors,bat,Pune Warriors
Royal Challengers Bangalore,Chennai Super Kings,M Chinnaswamy Stadium,Chennai Super Kings,field,Royal Challengers Bangalore
Kolkata Knight Riders,Sunrisers Hyderabad,"Rajiv Gandhi International Stadium, Uppal",Kolkata Knight Riders,bat,Sunrisers Hyderabad
Chennai Super Kings,Mumbai Indians,Feroz Shah Kotla,Chennai Super Kings,bat,Chennai Super Kings
Sunrisers Hyderabad,Rajasthan Royals,Feroz Shah Kotla,Sunrisers Hyderabad,bat,Rajasthan Royals
Rajasthan Royals,Mumbai Indians,Eden Gardens,Rajasthan Royals,bat,Mumbai Indians
Mumbai Indians,Chennai Super Kings,Eden Gardens,Mumbai Indians,bat,Mumbai Indians
Kolkata Knight Riders,Mumbai Indians,Sheikh Zayed Stadium,Kolkata Knight Riders,bat,Kolkata Knight Riders
Delhi Daredevils,Royal Challengers Bangalore,Sharjah Cricket Stadium,Royal Challengers Bangalore,field,Royal Challengers Bangalore
Chennai Super Kings,Kings XI Punjab,Sheikh Zayed Stadium,Chennai Super Kings,bat,Kings XI Punjab
Sunrisers Hyderabad,Rajasthan Royals,Sheikh Zayed Stadium,Rajasthan Royals,field,Rajasthan Royals
Mumbai Indians,Royal Challengers Bangalore,Dubai International Cricket Stadium,Royal Challengers Bangalore,field,Royal Challengers Bangalore
Kolkata Knight Riders,Delhi Daredevils,Dubai International Cricket Stadium,Kolkata Knight Riders,bat,Delhi Daredevils
Rajasthan Royals,Kings XI Punjab,Sharjah Cricket Stadium,Kings XI Punjab,field,Kings XI Punjab
Chennai Super Kings,Delhi Daredevils,Sheikh Zayed Stadium,Chennai Super Kings,bat,Chennai Super Kings
Kings XI Punjab,Sunrisers Hyderabad,Sharjah Cricket Stadium,Sunrisers Hyderabad,field,Kings XI Punjab
Chennai Super Kings,Rajasthan Royals,Dubai International Cricket Stadium,Rajasthan Royals,field,Chennai Super Kings
Kolkata Knight Riders,Royal Challengers Bangalore,Sharjah Cricket Stadium,Royal Challengers Bangalore,field,Kolkata Knight Riders
Sunrisers Hyderabad,Delhi Daredevils,Dubai International Cricket Stadium,Sunrisers Hyderabad,bat,Sunrisers Hyderabad
Mumbai Indians,Chennai Super Kings,Dubai International Cricket Stadium,Mumbai Indians,bat,Chennai Super Kings
Royal Challengers Bangalore,Rajasthan Royals,Sheikh Zayed Stadium,Rajasthan Royals,field,Rajasthan Royals
Kings XI Punjab,Kolkata Knight Riders,Sheikh Zayed Stadium,Kolkata Knight Riders,field,Kings XI Punjab
Mumbai Indians,Delhi Daredevils,Sharjah Cricket Stadium,Mumbai Indians,bat,Delhi Daredevils
Sunrisers Hyderabad,Chennai Super Kings,Sharjah Cricket Stadium,Sunrisers Hyderabad,bat,Chennai Super Kings
Royal Challengers Bangalore,Kings XI Punjab,Dubai International Cricket Stadium,Kings XI Punjab,field,Kings XI Punjab
Rajasthan Royals,Kolkata Knight Riders,Sheikh Zayed Stadium,Rajasthan Royals,bat,Rajasthan Royals
Sunrisers Hyderabad,Mumbai Indians,Dubai International Cricket Stadium,Mumbai Indians,field,Sunrisers Hyderabad
Chennai Super Kings,Kolkata Knight Riders,JSCA International Stadium Complex,Chennai Super Kings,bat,Chennai Super Kings
Kings XI Punjab,Mumbai Indians,Wankhede Stadium,Kings XI Punjab,bat,Mumbai Indians
Delhi Daredevils,Rajasthan Royals,Feroz Shah Kotla,Rajasthan Royals,field,Rajasthan Royals
Sunrisers Hyderabad,Royal Challengers Bangalore,M Chinnaswamy Stadium,Royal Challengers Bangalore,field,Royal Challengers Bangalore
Rajasthan Royals,Kolkata Knight Riders,"Sardar Patel Stadium, Motera",Kolkata Knight Riders,field,Rajasthan Royals
Delhi Daredevils,Chennai Super Kings,Feroz Shah Kotla,Chennai Super Kings,field,Chennai Super Kings
Mumbai Indians,Royal Challengers Bangalore,Wankhede Stadium,Royal Challengers Bangalore,field,Mumbai Indians
Delhi Daredevils,Kolkata Knight Riders,Feroz Shah Kotla,Delhi Daredevils,bat,Kolkata Knight Riders
Kings XI Punjab,Chennai Super Kings,Barabati Stadium,Chennai Super Kings,field,Kings XI Punjab
Sunrisers Hyderabad,Rajasthan Royals,"Sardar Patel Stadium, Motera",Rajasthan Royals,field,Sunrisers Hyderabad
Kings XI Punjab,Royal Challengers Bangalore,M Chinnaswamy Stadium,Royal Challengers Bangalore,field,Kings XI Punjab
Delhi Daredevils,Sunrisers Hyderabad,Feroz Shah Kotla,Sunrisers Hyderabad,field,Sunrisers Hyderabad
Mumbai Indians,Chennai Super Kings,Wankhede Stadium,Chennai Super Kings,field,Chennai Super Kings
Kings XI Punjab,Kolkata Knight Riders,Barabati Stadium,Kolkata Knight Riders,field,Kolkata Knight Riders
Royal Challengers Bangalore,Rajasthan Royals,M Chinnaswamy Stadium,Royal Challengers Bangalore,bat,Rajasthan Royals
Sunrisers Hyderabad,Mumbai Indians,"Rajiv Gandhi International Stadium, Uppal",Sunrisers Hyderabad,bat,Mumbai Indians
Rajasthan Royals,Chennai Super Kings,JSCA International Stadium Complex,Rajasthan Royals,bat,Chennai Super Kings
Royal Challengers Bangalore,Delhi Daredevils,M Chinnaswamy Stadium,Delhi Daredevils,field,Royal Challengers Bangalore
Sunrisers Hyderabad,Kings XI Punjab,"Rajiv Gandhi International Stadium, Uppal",Kings XI Punjab,field,Kings XI Punjab
Mumbai Indians,Kolkata Knight Riders,Barabati Stadium,Kolkata Knight Riders,field,Kolkata Knight Riders
Rajasthan Royals,Delhi Daredevils,"Sardar Patel Stadium, Motera",Delhi Daredevils,field,Rajasthan Royals
Chennai Super Kings,Royal Challengers Bangalore,JSCA International Stadium Complex,Chennai Super Kings,bat,Royal Challengers Bangalore
Sunrisers Hyderabad,Kolkata Knight Riders,"Rajiv Gandhi International Stadium, Uppal",Sunrisers Hyderabad,bat,Kolkata Knight Riders
Mumbai Indians,Rajasthan Royals,"Sardar Patel Stadium, Motera",Mumbai Indians,bat,Mumbai Indians
Delhi Daredevils,Kings XI Punjab,Feroz Shah Kotla,Kings XI Punjab,field,Kings XI Punjab
Royal Challengers Bangalore,Sunrisers Hyderabad,"Rajiv Gandhi International Stadium, Uppal",Royal Challengers Bangalore,bat,Sunrisers Hyderabad
Chennai Super Kings,Kolkata Knight Riders,Eden Gardens,Kolkata Knight Riders,field,Kolkata Knight Riders
Kings XI Punjab,Mumbai Indians,"Punjab Cricket Association Stadium, Mohali",Mumbai Indians,field,Mumbai Indians
Kolkata Knight Riders,Royal Challengers Bangalore,Eden Gardens,Royal Challengers Bangalore,field,Kolkata Knight Riders
Chennai Super Kings,Sunrisers Hyderabad,JSCA International Stadium Complex,Sunrisers Hyderabad,field,Sunrisers Hyderabad
Mumbai Indians,Delhi Daredevils,Wankhede Stadium,Delhi Daredevils,field,Mumbai Indians
Kings XI Punjab,Rajasthan Royals,"Punjab Cricket Association Stadium, Mohali",Rajasthan Royals,field,Kings XI Punjab
Royal Challengers Bangalore,Chennai Super Kings,M Chinnaswamy Stadium,Chennai Super Kings,field,Chennai Super Kings
Sunrisers Hyderabad,Kolkata Knight Riders,Eden Gardens,Kolkata Knight Riders,field,Kolkata Knight Riders
Delhi Daredevils,Kings XI Punjab,"Punjab Cricket Association Stadium, Mohali",Kings XI Punjab,field,Kings XI Punjab
Rajasthan Royals,Mumbai Indians,Wankhede Stadium,Mumbai Indians,field,Mumbai Indians
Kolkata Knight Riders,Kings XI Punjab,Eden Gardens,Kings XI Punjab,field,Kolkata Knight Riders
Mumbai Indians,Chennai Super Kings,Brabourne Stadium,Chennai Super Kings,field,Chennai Super Kings
Kings XI Punjab,Chennai Super Kings,Wankhede Stadium,Chennai Super Kings,field,Kings XI Punjab
Kings XI Punjab,Kolkata Knight Riders,M Chinnaswamy Stadium,Kolkata Knight Riders,field,Kolkata Knight Riders
Mumbai Indians,Kolkata Knight Riders,Eden Gardens,Kolkata Knight Riders,field,Kolkata Knight Riders
Chennai Super Kings,Delhi Daredevils,"MA Chidambaram Stadium, Chepauk",Delhi Daredevils,field,Chennai Super Kings
Rajasthan Royals,Kings XI Punjab,Maharashtra Cricket Association Stadium,Kings XI Punjab,field,Rajasthan Royals
Chennai Super Kings,Sunrisers Hyderabad,"MA Chidambaram Stadium, Chepauk",Chennai Super Kings,bat,Chennai Super Kings
Kolkata Knight Riders,Royal Challengers Bangalore,Eden Gardens,Royal Challengers Bangalore,field,Royal Challengers Bangalore
Delhi Daredevils,Rajasthan Royals,Feroz Shah Kotla,Rajasthan Royals,field,Rajasthan Royals
Kings XI Punjab,Mumbai Indians,Wankhede Stadium,Mumbai Indians,field,Kings XI Punjab
Royal Challengers Bangalore,Sunrisers Hyderabad,M Chinnaswamy Stadium,Sunrisers Hyderabad,field,Sunrisers Hyderabad
Mumbai Indians,Rajasthan Royals,"Sardar Patel Stadium, Motera",Mumbai Indians,bat,Rajasthan Royals
Chennai Super Kings,Kolkata Knight Riders,Eden Gardens,Kolkata Knight Riders,field,Kolkata Knight Riders
Kings XI Punjab,Delhi Daredevils,Maharashtra Cricket Association Stadium,Kings XI Punjab,bat,Delhi Daredevils
Sunrisers Hyderabad,Rajasthan Royals,Dr. Y.S. Rajasekhara Reddy ACA-VDCA Cricket Stadium,Rajasthan Royals,field,Rajasthan Royals
Mumbai Indians,Chennai Super Kings,Wankhede Stadium,Mumbai Indians,bat,Chennai Super Kings
Delhi Daredevils,Sunrisers Hyderabad,Dr. Y.S. Rajasekhara Reddy ACA-VDCA Cricket Stadium,Delhi Daredevils,bat,Delhi Daredevils
Kings XI Punjab,Kolkata Knight Riders,Maharashtra Cricket Association Stadium,Kolkata Knight Riders,field,Kolkata Knight Riders
Chennai Super Kings,Rajasthan Royals,"Sardar Patel Stadium, Motera",Chennai Super Kings,bat,Rajasthan Royals
Mumbai Indians,Royal Challengers Bangalore,M Chinnaswamy Stadium,Royal Challengers Bangalore,field,Mumbai Indians
Delhi Daredevils,Kolkata Knight Riders,Feroz Shah Kotla,Kolkata Knight Riders,field,Kolkata Knight Riders
Rajasthan Royals,Kings XI Punjab,"Sardar Patel Stadium, Motera",Kings XI Punjab,field,Kings XI Punjab
Sunrisers Hyderabad,Kolkata Knight Riders,Dr. Y.S. Rajasekhara Reddy ACA-VDCA Cricket Stadium,Kolkata Knight Riders,field,Sunrisers Hyderabad
Chennai Super Kings,Royal Challengers Bangalore,M Chinnaswamy Stadium,Royal Challengers Bangalore,field,Chennai Super Kings
Delhi Daredevils,Mumbai Indians,Feroz Shah Kotla,Mumbai Indians,field,Delhi Daredevils
Rajasthan Royals,Royal Challengers Bangalore,"Sardar Patel Stadium, Motera",Royal Challengers Bangalore,field,Royal Challengers Bangalore
Mumbai Indians,Sunrisers Hyderabad,Wankhede Stadium,Mumbai Indians,bat,Mumbai Indians
Chennai Super Kings,Kings XI Punjab,"MA Chidambaram Stadium, Chepauk",Chennai Super Kings,bat,Chennai Super Kings
Delhi Daredevils,Royal Challengers Bangalore,Feroz Shah Kotla,Royal Challengers Bangalore,field,Royal Challengers Bangalore
Sunrisers Hyderabad,Kings XI Punjab,"Punjab Cricket Association Stadium, Mohali",Kings XI Punjab,field,Sunrisers Hyderabad
Kolkata Knight Riders,Delhi Daredevils,Eden Gardens,Kolkata Knight Riders,bat,Kolkata Knight Riders
Chennai Super Kings,Kolkata Knight Riders,"MA Chidambaram Stadium, Chepauk",Kolkata Knight Riders,field,Chennai Super Kings
Kings XI Punjab,Delhi Daredevils,Feroz Shah Kotla,Delhi Daredevils,field,Delhi Daredevils
Mumbai Indians,Rajasthan Royals,Wankhede Stadium,Rajasthan Royals,field,Mumbai Indians
Kolkata Knight Riders,Royal Challengers Bangalore,M Chinnaswamy Stadium,Royal Challengers Bangalore,field,Royal Challengers Bangalore
Sunrisers Hyderabad,Chennai Super Kings,"Rajiv Gandhi International Stadium, Uppal",Chennai Super Kings,field,Sunrisers Hyderabad
Mumbai Indians,Kings XI Punjab,"Punjab Cricket Association Stadium, Mohali",Mumbai Indians,bat,Mumbai Indians
Rajasthan Royals,Delhi Daredevils,Brabourne Stadium,Delhi Daredevils,field,Rajasthan Royals
Chennai Super Kings,Royal Challengers Bangalore,"MA Chidambaram Stadium, Chepauk",Chennai Super Kings,bat,Chennai Super Kings
Kolkata Knight Riders,Sunrisers Hyderabad,Eden Gardens,Sunrisers Hyderabad,field,Kolkata Knight Riders
Delhi Daredevils,Mumbai Indians,Wankhede Stadium,Delhi Daredevils,bat,Mumbai Indians
Royal Challengers Bangalore,Kings XI Punjab,M Chinnaswamy Stadium,Kings XI Punjab,field,Royal Challengers Bangalore
Sunrisers Hyderabad,Rajasthan Royals,Brabourne Stadium,Rajasthan Royals,field,Sunrisers Hyderabad
Chennai Super Kings,Mumbai Indians,"MA Chidambaram Stadium, Chepauk",Chennai Super Kings,bat,Mumbai Indians
Kings XI Punjab,Kolkata Knight Riders,Eden Gardens,Kings XI Punjab,bat,Kolkata Knight Riders
Sunrisers Hyderabad,Delhi Daredevils,Shaheed Veer Narayan Singh International Stadium,Sunrisers Hyderabad,bat,Sunrisers Hyderabad
Royal Challengers Bangalore,Mumbai Indians,Wankhede Stadium,Royal Challengers Bangalore,bat,Royal Challengers Bangalore
Chennai Super Kings,Rajasthan Royals,"MA Chidambaram Stadium, Chepauk",Chennai Super Kings,bat,Chennai Super Kings
Sunrisers Hyderabad,Kings XI Punjab,"Rajiv Gandhi International Stadium, Uppal",Sunrisers Hyderabad,bat,Sunrisers Hyderabad
Chennai Super Kings,Delhi Daredevils,Shaheed Veer Narayan Singh International Stadium,Chennai Super Kings,bat,Delhi Daredevils
Kings XI Punjab,Royal Challengers Bangalore,"Punjab Cricket Association Stadium, Mohali",Royal Challengers Bangalore,field,Kings XI Punjab
Mumbai Indians,Kolkata Knight Riders,Wankhede Stadium,Kolkata Knight Riders,field,Mumbai Indians
Sunrisers Hyderabad,Royal Challengers Bangalore,"Rajiv Gandhi International Stadium, Uppal",Sunrisers Hyderabad,bat,Royal Challengers Bangalore
Kings XI Punjab,Chennai Super Kings,"Punjab Cricket Association Stadium, Mohali",Kings XI Punjab,bat,Chennai Super Kings
Rajasthan Royals,Kolkata Knight Riders,Brabourne Stadium,Rajasthan Royals,bat,Rajasthan Royals
Sunrisers Hyderabad,Mumbai Indians,"Rajiv Gandhi International Stadium, Uppal",Sunrisers Hyderabad,bat,Mumbai Indians
Mumbai Indians,Chennai Super Kings,Wankhede Stadium,Mumbai Indians,bat,Mumbai Indians
Royal Challengers Bangalore,Rajasthan Royals,Maharashtra Cricket Association Stadium,Royal Challengers Bangalore,bat,Royal Challengers Bangalore
Royal Challengers Bangalore,Chennai Super Kings,JSCA International Stadium Complex,Chennai Super Kings,field,Chennai Super Kings
Mumbai Indians,Chennai Super Kings,Eden Gardens,Chennai Super Kings,field,Mumbai Indians
Mumbai Indians,Rising Pune Supergiant,Wankhede Stadium,Mumbai Indians,bat,Rising Pune Supergiant
Delhi Daredevils,Kolkata Knight Riders,Eden Gardens,Kolkata Knight Riders,field,Kolkata Knight Riders
Kings XI Punjab,Gujarat Lions,"Punjab Cricket Association IS Bindra Stadium, Mohali",Gujarat Lions,field,Gujarat Lions
Royal Challengers Bangalore,Sunrisers Hyderabad,M Chinnaswamy Stadium,Sunrisers Hyderabad,field,Royal Challengers Bangalore
Kolkata Knight Riders,Mumbai Indians,Eden Gardens,Mumbai Indians,field,Mumbai Indians
Rising Pune Supergiant,Gujarat Lions,Saurashtra Cricket Association Stadium,Rising Pune Supergiant,bat,Gujarat Lions
Kings XI Punjab,Delhi Daredevils,Feroz Shah Kotla,Delhi Daredevils,field,Delhi Daredevils
Sunrisers Hyderabad,Kolkata Knight Riders,"Rajiv Gandhi International Stadium, Uppal",Sunrisers Hyderabad,bat,Kolkata Knight Riders
Mumbai Indians,Gujarat Lions,Wankhede Stadium,Gujarat Lions,field,Gujarat Lions
Rising Pune Supergiant,Kings XI Punjab,"Punjab Cricket Association IS Bindra Stadium, Mohali",Rising Pune Supergiant,bat,Kings XI Punjab
Royal Challengers Bangalore,Delhi Daredevils,M Chinnaswamy Stadium,Delhi Daredevils,field,Delhi Daredevils
Mumbai Indians,Sunrisers Hyderabad,"Rajiv Gandhi International Stadium, Uppal",Sunrisers Hyderabad,field,Sunrisers Hyderabad
Kings XI Punjab,Kolkata Knight Riders,"Punjab Cricket Association IS Bindra Stadium, Mohali",Kolkata Knight Riders,field,Kolkata Knight Riders
Royal Challengers Bangalore,Mumbai Indians,Wankhede Stadium,Mumbai Indians,field,Mumbai Indians
Gujarat Lions,Sunrisers Hyderabad,Saurashtra Cricket Association Stadium,Sunrisers Hyderabad,field,Sunrisers Hyderabad
Royal Challengers Bangalore,Rising Pune Supergiant,Maharashtra Cricket Association Stadium,Rising Pune Supergiant,field,Royal Challengers Bangalore
Delhi Daredevils,Mumbai Indians,Feroz Shah Kotla,Mumbai Indians,field,Delhi Daredevils
Kings XI Punjab,Sunrisers Hyderabad,"Rajiv Gandhi International Stadium, Uppal",Sunrisers Hyderabad,field,Sunrisers Hyderabad
Royal Challengers Bangalore,Gujarat Lions,Saurashtra Cricket Association Stadium,Royal Challengers Bangalore,bat,Gujarat Lions
Rising Pune Supergiant,Kolkata Knight Riders,Maharashtra Cricket Association Stadium,Kolkata Knight Riders,field,Kolkata Knight Riders
Mumbai Indians,Kings XI Punjab,"Punjab Cricket Association IS Bindra Stadium, Mohali",Kings XI Punjab,field,Mumbai Indians
Sunrisers Hyderabad,Rising Pune Supergiant,"Rajiv Gandhi International Stadium, Uppal",Rising Pune Supergiant,field,Rising Pune Supergiant
Gujarat Lions,Delhi Daredevils,Feroz Shah Kotla,Delhi Daredevils,field,Gujarat Lions
Kolkata Knight Riders,Mumbai Indians,Wankhede Stadium,Mumbai Indians,field,Mumbai Indians
Rising Pune Supergiant,Gujarat Lions,Maharashtra Cricket Association Stadium,Gujarat Lions,field,Gujarat Lions
Delhi Daredevils,Kolkata Knight Riders,Feroz Shah Kotla,Kolkata Knight Riders,field,Delhi Daredevils
Sunrisers Hyderabad,Royal Challengers Bangalore,"Rajiv Gandhi International Stadium, Uppal",Royal Challengers Bangalore,field,Sunrisers Hyderabad
Kings XI Punjab,Gujarat Lions,Saurashtra Cricket Association Stadium,Gujarat Lions,field,Kings XI Punjab
Rising Pune Supergiant,Mumbai Indians,Maharashtra Cricket Association Stadium,Mumbai Indians,field,Mumbai Indians
Royal Challengers Bangalore,Kolkata Knight Riders,M Chinnaswamy Stadium,Kolkata Knight Riders,field,Kolkata Knight Riders
Gujarat Lions,Delhi Daredevils,Saurashtra Cricket Association Stadium,Delhi Daredevils,field,Delhi Daredevils
Kolkata Knight Riders,Kings XI Punjab,Eden Gardens,Kings XI Punjab,field,Kolkata Knight Riders
Delhi Daredevils,Rising Pune Supergiant,Feroz Shah Kotla,Rising Pune Supergiant,field,Rising Pune Supergiant
Gujarat Lions,Sunrisers Hyderabad,"Rajiv Gandhi International Stadium, Uppal",Sunrisers Hyderabad,field,Sunrisers Hyderabad
Rising Pune Supergiant,Royal Challengers Bangalore,M Chinnaswamy Stadium,Royal Challengers Bangalore,field,Royal Challengers Bangalore
Kings XI Punjab,Delhi Daredevils,"Punjab Cricket Association IS Bindra Stadium, Mohali",Delhi Daredevils,field,Kings XI Punjab
Sunrisers Hyderabad,Mumbai Indians,Dr. Y.S. Rajasekhara Reddy ACA-VDCA Cricket Stadium,Mumbai Indians,field,Sunrisers Hyderabad
Kolkata Knight Riders,Gujarat Lions,Eden Gardens,Gujarat Lions,field,Gujarat Lions
Royal Challengers Bangalore,Kings XI Punjab,"Punjab Cricket Association IS Bindra Stadium, Mohali",Kings XI Punjab,field,Royal Challengers Bangalore
Sunrisers Hyderabad,Rising Pune Supergiant,Dr. Y.S. Rajasekhara Reddy ACA-VDCA Cricket Stadium,Sunrisers Hyderabad,bat,Sunrisers Hyderabad
Royal Challengers Bangalore,Mumbai Indians,M Chinnaswamy Stadium,Mumbai Indians,field,Mumbai Indians
Sunrisers Hyderabad,Delhi Daredevils,"Rajiv Gandhi International Stadium, Uppal",Delhi Daredevils,field,Delhi Daredevils
Mumbai Indians,Kings XI Punjab,Dr. Y.S. Rajasekhara Reddy ACA-VDCA Cricket Stadium,Mumbai Indians,bat,Kings XI Punjab
Royal Challengers Bangalore,Gujarat Lions,M Chinnaswamy Stadium,Gujarat Lions,field,Royal Challengers Bangalore
Rising Pune Supergiant,Kolkata Knight Riders,Eden Gardens,Rising Pune Supergiant,bat,Kolkata Knight Riders
Kings XI Punjab,Sunrisers Hyderabad,"Punjab Cricket Association IS Bindra Stadium, Mohali",Kings XI Punjab,bat,Sunrisers Hyderabad
Mumbai Indians,Delhi Daredevils,Dr. Y.S. Rajasekhara Reddy ACA-VDCA Cricket Stadium,Delhi Daredevils,field,Mumbai Indians
Kolkata Knight Riders,Royal Challengers Bangalore,Eden Gardens,Royal Challengers Bangalore,field,Royal Challengers Bangalore
Delhi Daredevils,Rising Pune Supergiant,Dr. Y.S. Rajasekhara Reddy ACA-VDCA Cricket Stadium,Rising Pune Supergiant,field,Rising Pune Supergiant
Royal Challengers Bangalore,Kings XI Punjab,M Chinnaswamy Stadium,Kings XI Punjab,field,Royal Challengers Bangalore
Kolkata Knight Riders,Gujarat Lions,Green Park,Gujarat Lions,field,Gujarat Lions
Sunrisers Hyderabad,Delhi Daredevils,Shaheed Veer Narayan Singh International Stadium,Delhi Daredevils,field,Delhi Daredevils
Kings XI Punjab,Rising Pune Supergiant,Dr. Y.S. Rajasekhara Reddy ACA-VDCA Cricket Stadium,Kings XI Punjab,bat,Rising Pune Supergiant
Mumbai Indians,Gujarat Lions,Green Park,Gujarat Lions,field,Gujarat Lions
Kolkata Knight Riders,Sunrisers Hyderabad,Eden Gardens,Sunrisers Hyderabad,field,Kolkata Knight Riders
Delhi Daredevils,Royal Challengers Bangalore,Shaheed Veer Narayan Singh International Stadium,Royal Challengers Bangalore,field,Royal Challengers Bangalore
Gujarat Lions,Royal Challengers Bangalore,M Chinnaswamy Stadium,Royal Challengers Bangalore,field,Royal Challengers Bangalore
Sunrisers Hyderabad,Kolkata Knight Riders,Feroz Shah Kotla,Kolkata Knight Riders,field,Sunrisers Hyderabad
Gujarat Lions,Sunrisers Hyderabad,Feroz Shah Kotla,Sunrisers Hyderabad,field,Sunrisers Hyderabad
Sunrisers Hyderabad,Royal Challengers Bangalore,M Chinnaswamy Stadium,Sunrisers Hyderabad,bat,Sunrisers Hyderabad
Mumbai Indians,Chennai Super Kings,Wankhede Stadium,Chennai Super Kings,field,Chennai Super Kings
Delhi Daredevils,Kings XI Punjab,"Punjab Cricket Association IS Bindra Stadium, Mohali",Kings XI Punjab,field,Kings XI Punjab
Royal Challengers Bangalore,Kolkata Knight Riders,Eden Gardens,Kolkata Knight Riders,field,Kolkata Knight Riders
Rajasthan Royals,Sunrisers Hyderabad,"Rajiv Gandhi International Stadium, Uppal",Sunrisers Hyderabad,field,Sunrisers Hyderabad
Kolkata Knight Riders,Chennai Super Kings,"MA Chidambaram Stadium, Chepauk",Chennai Super Kings,field,Chennai Super Kings
Rajasthan Royals,Delhi Daredevils,Sawai Mansingh Stadium,Delhi Daredevils,field,Rajasthan Royals
Mumbai Indians,Sunrisers Hyderabad,"Rajiv Gandhi International Stadium, Uppal",Sunrisers Hyderabad,field,Sunrisers Hyderabad
Kings XI Punjab,Royal Challengers Bangalore,M Chinnaswamy Stadium,Royal Challengers Bangalore,field,Royal Challengers Bangalore
Mumbai Indians,Delhi Daredevils,Wankhede Stadium,Delhi Daredevils,field,Delhi Daredevils
Kolkata Knight Riders,Sunrisers Hyderabad,Eden Gardens,Sunrisers Hyderabad,field,Sunrisers Hyderabad
Rajasthan Royals,Royal Challengers Bangalore,M Chinnaswamy Stadium,Royal Challengers Bangalore,field,Rajasthan Royals
Kings XI Punjab,Chennai Super Kings,"Punjab Cricket Association IS Bindra Stadium, Mohali",Chennai Super Kings,field,Kings XI Punjab
Kolkata Knight Riders,Delhi Daredevils,Eden Gardens,Delhi Daredevils,field,Kolkata Knight Riders
Mumbai Indians,Royal Challengers Bangalore,Wankhede Stadium,Royal Challengers Bangalore,field,Mumbai Indians
Rajasthan Royals,Kolkata Knight Riders,Sawai Mansingh Stadium,Kolkata Knight Riders,field,Kolkata Knight Riders
Kings XI Punjab,Sunrisers Hyderabad,"Punjab Cricket Association IS Bindra Stadium, Mohali",Kings XI Punjab,bat,Kings XI Punjab
Chennai Super Kings,Rajasthan Royals,Maharashtra Cricket Association Stadium,Rajasthan Royals,field,Chennai Super Kings
Kolkata Knight Riders,Kings XI Punjab,Eden Gardens,Kings XI Punjab,field,Kings XI Punjab
Delhi Daredevils,Royal Challengers Bangalore,M Chinnaswamy Stadium,Royal Challengers Bangalore,field,Royal Challengers Bangalore
Chennai Super Kings,Sunrisers Hyderabad,"Rajiv Gandhi International Stadium, Uppal",Sunrisers Hyderabad,field,Chennai Super Kings
Mumbai Indians,Rajasthan Royals,Sawai Mansingh Stadium,Mumbai Indians,bat,Rajasthan Royals
Kings XI Punjab,Delhi Daredevils,Feroz Shah Kotla,Delhi Daredevils,field,Kings XI Punjab
Sunrisers Hyderabad,Mumbai Indians,Wankhede Stadium,Mumbai Indians,field,Sunrisers Hyderabad
Royal Challengers Bangalore,Chennai Super Kings,M Chinnaswamy Stadium,Chennai Super Kings,field,Chennai Super Kings
Sunrisers Hyderabad,Kings XI Punjab,"Rajiv Gandhi International Stadium, Uppal",Kings XI Punjab,field,Sunrisers Hyderabad
Delhi Daredevils,Kolkata Knight Riders,Feroz Shah Kotla,Kolkata Knight Riders,field,Delhi Daredevils
Chennai Super Kings,Mumbai Indians,Maharashtra Cricket Association Stadium,Mumbai Indians,field,Mumbai Indians
Sunrisers Hyderabad,Rajasthan Royals,Sawai Mansingh Stadium,Sunrisers Hyderabad,bat,Sunrisers Hyderabad
Royal Challengers Bangalore,Kolkata Knight Riders,M Chinnaswamy Stadium,Kolkata Knight Riders,field,Kolkata Knight Riders
Chennai Super Kings,Delhi Daredevils,Maharashtra Cricket Association Stadium,Delhi Daredevils,field,Chennai Super Kings
Royal Challengers Bangalore,Mumbai Indians,M Chinnaswamy Stadium,Mumbai Indians,field,Royal Challengers Bangalore
Delhi Daredevils,Rajasthan Royals,Feroz Shah Kotla,Rajasthan Royals,field,Delhi Daredevils
Chennai Super Kings,Kolkata Knight Riders,Eden Gardens,Kolkata Knight Riders,field,Kolkata Knight Riders
Kings XI Punjab,Mumbai Indians,Holkar Cricket Stadium,Mumbai Indians,field,Mumbai Indians
Royal Challengers Bangalore,Chennai Super Kings,Maharashtra Cricket Association Stadium,Chennai Super Kings,field,Chennai Super Kings
Delhi Daredevils,Sunrisers Hyderabad,"Rajiv Gandhi International Stadium, Uppal",Delhi Daredevils,bat,Sunrisers Hyderabad
Mumbai Indians,Kolkata Knight Riders,Wankhede Stadium,Kolkata Knight Riders,field,Mumbai Indians
Rajasthan Royals,Kings XI Punjab,Holkar Cricket Stadium,Kings XI Punjab,field,Kings XI Punjab
Sunrisers Hyderabad,Royal Challengers Bangalore,"Rajiv Gandhi International Stadium, Uppal",Royal Challengers Bangalore,field,Sunrisers Hyderabad
Rajasthan Royals,Kings XI Punjab,Sawai Mansingh Stadium,Rajasthan Royals,bat,Rajasthan Royals
Mumbai Indians,Kolkata Knight Riders,Eden Gardens,Kolkata Knight Riders,field,Mumbai Indians
Delhi Daredevils,Sunrisers Hyderabad,Feroz Shah Kotla,Delhi Daredevils,bat,Sunrisers Hyderabad
Chennai Super Kings,Rajasthan Royals,Sawai Mansingh Stadium,Chennai Super Kings,bat,Rajasthan Royals
Kolkata Knight Riders,Kings XI Punjab,Holkar Cricket Stadium,Kings XI Punjab,field,Kolkata Knight Riders
Delhi Daredevils,Royal Challengers Bangalore,Feroz Shah Kotla,Royal Challengers Bangalore,field,Royal Challengers Bangalore
Sunrisers Hyderabad,Chennai Super Kings,Maharashtra Cricket Association Stadium,Chennai Super Kings,field,Chennai Super Kings
Mumbai Indians,Rajasthan Royals,Wankhede Stadium,Rajasthan Royals,field,Rajasthan Royals
Kings XI Punjab,Royal Challengers Bangalore,Holkar Cricket Stadium,Royal Challengers Bangalore,field,Royal Challengers Bangalore
Rajasthan Royals,Kolkata Knight Riders,Eden Gardens,Kolkata Knight Riders,field,Kolkata Knight Riders
Mumbai Indians,Kings XI Punjab,Wankhede Stadium,Kings XI Punjab,field,Mumbai Indians
Royal Challengers Bangalore,Sunrisers Hyderabad,M Chinnaswamy Stadium,Sunrisers Hyderabad,field,Royal Challengers Bangalore
Delhi Daredevils,Chennai Super Kings,Feroz Shah Kotla,Chennai Super Kings,field,Delhi Daredevils
Rajasthan Royals,Royal Challengers Bangalore,Sawai Mansingh Stadium,Rajasthan Royals,bat,Rajasthan Royals
Sunrisers Hyderabad,Kolkata Knight Riders,"Rajiv Gandhi International Stadium, Uppal",Sunrisers Hyderabad,bat,Kolkata Knight Riders
Delhi Daredevils,Mumbai Indians,Feroz Shah Kotla,Delhi Daredevils,bat,Delhi Daredevils
Kings XI Punjab,Chennai Super Kings,Maharashtra Cricket Association Stadium,Chennai Super Kings,field,Chennai Super Kings
Sunrisers Hyderabad,Chennai Super Kings,Wankhede Stadium,Chennai Super Kings,field,Chennai Super Kings
Kolkata Knight Riders,Rajasthan Royals,Eden Gardens,Rajasthan Royals,field,Kolkata Knight Riders
Sunrisers Hyderabad,Kolkata Knight Riders,Eden Gardens,Kolkata Knight Riders,field,Sunrisers Hyderabad
Sunrisers Hyderabad,Chennai Super Kings,Wankhede Stadium,Chennai Super Kings,field,Chennai Super Kings
Royal Challengers Bangalore,Chennai Super Kings,M. A. Chidambaram Stadium,Chennai Super Kings,field,Chennai Super Kings
Sunrisers Hyderabad,Kolkata Knight Riders,Eden Gardens,Kolkata Knight Riders,field,Kolkata Knight Riders
Delhi Capitals,Mumbai Indians,Wankhede Stadium,Mumbai Indians,field,Delhi Capitals
Kings XI Punjab,Rajasthan Royals,Sawai Mansingh Stadium,Rajasthan Royals,field,Kings XI Punjab
Delhi Capitals,Chennai Super Kings,Feroz Shah Kotla Ground,Delhi Capitals,bat,Chennai Super Kings
Kolkata Knight Riders,Kings XI Punjab,Eden Gardens,Kings XI Punjab,field,Kolkata Knight Riders
Mumbai Indians,Royal Challengers Bangalore,M. Chinnaswamy Stadium,Royal Challengers Bangalore,field,Mumbai Indians
Rajasthan Royals,Sunrisers Hyderabad,Rajiv Gandhi Intl. Cricket Stadium,Rajasthan Royals,bat,Sunrisers Hyderabad
Mumbai Indians,Kings XI Punjab,IS Bindra Stadium,Kings XI Punjab,field,Kings XI Punjab
Kolkata Knight Riders,Delhi Capitals,Feroz Shah Kotla Ground,Delhi Capitals,field,Delhi Capitals
Sunrisers Hyderabad,Royal Challengers Bangalore,Rajiv Gandhi Intl. Cricket Stadium,Royal Challengers Bangalore,field,Sunrisers Hyderabad
Chennai Super Kings,Rajasthan Royals,M. A. Chidambaram Stadium,Rajasthan Royals,field,Chennai Super Kings
Kings XI Punjab,Delhi Capitals,IS Bindra Stadium,Delhi Capitals,field,Kings XI Punjab
Royal Challengers Bangalore,Rajasthan Royals,Sawai Mansingh Stadium,Rajasthan Royals,field,Rajasthan Royals
Mumbai Indians,Chennai Super Kings,Wankhede Stadium,Chennai Super Kings,field,Mumbai Indians
Delhi Capitals,Sunrisers Hyderabad,Feroz Shah Kotla Ground,Sunrisers Hyderabad,field,Sunrisers Hyderabad
Royal Challengers Bangalore,Kolkata Knight Riders,M. Chinnaswamy Stadium,Kolkata Knight Riders,field,Kolkata Knight Riders
Chennai Super Kings,Kings XI Punjab,M. A. Chidambaram Stadium,Chennai Super Kings,bat,Chennai Super Kings
Mumbai Indians,Sunrisers Hyderabad,Rajiv Gandhi Intl. Cricket Stadium,Sunrisers Hyderabad,field,Mumbai Indians
Royal Challengers Bangalore,Delhi Capitals,M. Chinnaswamy Stadium,Delhi Capitals,field,Delhi Capitals
Rajasthan Royals,Kolkata Knight Riders,Sawai Mansingh Stadium,Kolkata Knight Riders,field,Kolkata Knight Riders
Sunrisers Hyderabad,Kings XI Punjab,IS Bindra Stadium,Kings XI Punjab,field,Kings XI Punjab
Kolkata Knight Riders,Chennai Super Kings,M. A. Chidambaram Stadium,Chennai Super Kings,field,Chennai Super Kings
Kings XI Punjab,Mumbai Indians,Wankhede Stadium,Mumbai Indians,field,Mumbai Indians
Rajasthan Royals,Chennai Super Kings,Sawai Mansingh Stadium,Chennai Super Kings,field,Chennai Super Kings
Kolkata Knight Riders,Delhi Capitals,Eden Gardens,Delhi Capitals,field,Delhi Capitals
Mumbai Indians,Rajasthan Royals,Wankhede Stadium,Rajasthan Royals,field,Rajasthan Royals
Kings XI Punjab,Royal Challengers Bangalore,IS Bindra Stadium,Royal Challengers Bangalore,field,Royal Challengers Bangalore
Kolkata Knight Riders,Chennai Super Kings,Eden Gardens,Chennai Super Kings,field,Chennai Super Kings
Delhi Capitals,Sunrisers Hyderabad,Rajiv Gandhi Intl. Cricket Stadium,Sunrisers Hyderabad,field,Delhi Capitals
Royal Challengers Bangalore,Mumbai Indians,Wankhede Stadium,Mumbai Indians,field,Mumbai Indians
Kings XI Punjab,Rajasthan Royals,IS Bindra Stadium,Rajasthan Royals,field,Kings XI Punjab
Chennai Super Kings,Sunrisers Hyderabad,Rajiv Gandhi Intl. Cricket Stadium,Chennai Super Kings,bat,Sunrisers Hyderabad
Mumbai Indians,Delhi Capitals,Feroz Shah Kotla Ground,Mumbai Indians,bat,Mumbai Indians
Royal Challengers Bangalore,Kolkata Knight Riders,Eden Gardens,Kolkata Knight Riders,field,Royal Challengers Bangalore
Mumbai Indians,Rajasthan Royals,Sawai Mansingh Stadium,Rajasthan Royals,field,Rajasthan Royals
Kings XI Punjab,Delhi Capitals,Feroz Shah Kotla Ground,Delhi Capitals,field,Delhi Capitals
Kolkata Knight Riders,Sunrisers Hyderabad,Rajiv Gandhi Intl. Cricket Stadium,Sunrisers Hyderabad,field,Sunrisers Hyderabad
Royal Challengers Bangalore,Chennai Super Kings,M. Chinnaswamy Stadium,Chennai Super Kings,field,Royal Challengers Bangalore
Rajasthan Royals,Delhi Capitals,Sawai Mansingh Stadium,Delhi Capitals,field,Delhi Capitals
Sunrisers Hyderabad,Chennai Super Kings,M. A. Chidambaram Stadium,Chennai Super Kings,field,Chennai Super Kings
Royal Challengers Bangalore,Kings XI Punjab,M. Chinnaswamy Stadium,Kings XI Punjab,field,Royal Challengers Bangalore
Kolkata Knight Riders,Rajasthan Royals,Eden Gardens,Rajasthan Royals,field,Rajasthan Royals
Mumbai Indians,Chennai Super Kings,M. A. Chidambaram Stadium,Chennai Super Kings,field,Mumbai Indians
Sunrisers Hyderabad,Rajasthan Royals,Sawai Mansingh Stadium,Rajasthan Royals,field,Rajasthan Royals
Delhi Capitals,Royal Challengers Bangalore,Feroz Shah Kotla Ground,Delhi Capitals,bat,Delhi Capitals
Kolkata Knight Riders,Mumbai Indians,Eden Gardens,Mumbai Indians,field,Kolkata Knight Riders
Sunrisers Hyderabad,Kings XI Punjab,Rajiv Gandhi Intl. Cricket Stadium,Kings XI Punjab,field,Sunrisers Hyderabad
Chennai Super Kings,Delhi Capitals,M. A. Chidambaram Stadium,Delhi Capitals,field,Chennai Super Kings
Mumbai Indians,Sunrisers Hyderabad,Wankhede Stadium,Mumbai Indians,bat,Mumbai Indians
Kings XI Punjab,Kolkata Knight Riders,IS Bindra Stadium,Kolkata Knight Riders,field,Kolkata Knight Riders
Rajasthan Royals,Delhi Capitals,Feroz Shah Kotla Ground,Rajasthan Royals,bat,Delhi Capitals
Sunrisers Hyderabad,Royal Challengers Bangalore,M. Chinnaswamy Stadium,Royal Challengers Bangalore,field,Royal Challengers Bangalore
Chennai Super Kings,Kings XI Punjab,IS Bindra Stadium,Kings XI Punjab,field,Kings XI Punjab
Kolkata Knight Riders,Mumbai Indians,Wankhede Stadium,Mumbai Indians,field,Mumbai Indians
Chennai Super Kings,Mumbai Indians,M. A. Chidambaram Stadium,Chennai Super Kings,bat,Mumbai Indians
Sunrisers Hyderabad,Delhi Capitals,ACA-VDCA Stadium,Delhi Capitals,field,Delhi Capitals
Delhi Capitals,Chennai Super Kings,ACA-VDCA Stadium,Chennai Super Kings,field,Chennai Super Kings
Mumbai Indians,Chennai Super Kings,Rajiv Gandhi Intl. Cricket Stadium,Mumbai Indians,bat,Mumbai Indians
